%ArduinoTime [ms]	Reference Position [rad]	Measured Position [rad]	Actual Current [A]	Proportional Gain [Kp]	Derivative Gain [Kd]	Integral Gain [Ki]	%12/10/20191:04 PM
0.000	0.000	0.000	0.000	0.000	0.000	0.000
1466210.000	0.000	0.000	-0.016	15.000	0.000	0.000
1466210.000	0.000	0.000	-0.016	15.000	0.000	0.000
1466240.000	0.000	0.000	-0.016	15.000	0.000	0.000
1466240.000	0.000	0.000	-0.016	15.000	0.000	0.000
1466240.000	0.000	0.000	-0.016	15.000	0.000	0.000
1466270.000	0.000	0.000	-0.016	15.000	0.000	0.000
1466270.000	0.000	0.000	-0.016	15.000	0.000	0.000
1466270.000	0.000	0.000	-0.016	15.000	0.000	0.000
1466300.000	0.000	0.000	-0.016	15.000	0.000	0.000
1466300.000	0.000	0.000	-0.016	15.000	0.000	0.000
1466300.000	0.000	0.000	-0.016	15.000	0.000	0.000
1466330.000	0.000	0.000	-0.016	15.000	0.000	0.000
1466330.000	0.000	0.000	-0.016	15.000	0.000	0.000
1466330.000	0.000	0.000	-0.016	15.000	0.000	0.000
1466360.000	0.000	0.000	-0.016	15.000	0.000	0.000
1466360.000	0.000	0.000	-0.016	15.000	0.000	0.000
1466360.000	0.000	0.000	-0.016	15.000	0.000	0.000
1466390.000	0.000	0.000	-0.016	15.000	0.000	0.000
1466390.000	0.000	0.000	-0.016	15.000	0.000	0.000
1466390.000	0.000	0.000	-0.016	15.000	0.000	0.000
1466420.000	0.000	0.000	-0.016	15.000	0.000	0.000
1466420.000	0.000	0.000	-0.016	15.000	0.000	0.000
1466420.000	0.000	0.000	-0.016	15.000	0.000	0.000
1466450.000	0.000	0.000	-0.016	15.000	0.000	0.000
1466450.000	0.000	0.000	-0.016	15.000	0.000	0.000
1466450.000	0.000	0.000	-0.016	15.000	0.000	0.000
1466480.000	0.000	0.000	-0.016	15.000	0.000	0.000
1466480.000	0.000	0.000	-0.016	15.000	0.000	0.000
1466480.000	0.000	0.000	-0.016	15.000	0.000	0.000
1466510.000	0.000	0.000	-0.016	15.000	0.000	0.000
1466510.000	0.000	0.000	-0.016	15.000	0.000	0.000
1466510.000	0.000	0.000	-0.016	15.000	0.000	0.000
1466540.000	0.000	0.000	-0.016	15.000	0.000	0.000
1466540.000	0.000	0.000	-0.016	15.000	0.000	0.000
1466540.000	0.000	0.000	-0.016	15.000	0.000	0.000
1466570.000	0.000	0.000	-0.016	15.000	0.000	0.000
1466570.000	0.000	0.000	-0.016	15.000	0.000	0.000
1466570.000	0.000	0.000	-0.016	15.000	0.000	0.000
1466600.000	0.000	0.000	-0.016	15.000	0.000	0.000
1466600.000	0.000	0.000	-0.016	15.000	0.000	0.000
1466600.000	0.000	0.000	-0.016	15.000	0.000	0.000
1466630.000	0.000	0.000	-0.016	15.000	0.000	0.000
1466630.000	0.000	0.000	-0.016	15.000	0.000	0.000
1466630.000	0.000	0.000	-0.016	15.000	0.000	0.000
1466660.000	0.000	0.000	-0.016	15.000	0.000	0.000
1466660.000	0.000	0.000	-0.016	15.000	0.000	0.000
1466660.000	0.000	0.000	-0.016	15.000	0.000	0.000
1466690.000	0.000	0.000	-0.016	15.000	0.000	0.000
1466690.000	0.000	0.000	-0.016	15.000	0.000	0.000
1466690.000	0.000	0.000	-0.016	15.000	0.000	0.000
1466720.000	0.000	0.000	-0.016	15.000	0.000	0.000
1466720.000	0.000	0.000	-0.016	15.000	0.000	0.000
1466720.000	0.000	0.000	-0.016	15.000	0.000	0.000
1466750.000	0.000	0.000	-0.016	15.000	0.000	0.000
1466750.000	0.000	0.000	-0.016	15.000	0.000	0.000
1466750.000	0.000	0.000	-0.016	15.000	0.000	0.000
1466780.000	0.000	0.000	-0.016	15.000	0.000	0.000
1466780.000	0.000	0.000	-0.016	15.000	0.000	0.000
1466780.000	0.000	0.000	-0.016	15.000	0.000	0.000
1466810.000	0.000	0.000	-0.016	15.000	0.000	0.000
1466810.000	0.000	0.000	-0.016	15.000	0.000	0.000
1466810.000	0.000	0.000	-0.016	15.000	0.000	0.000
1466840.000	0.000	0.000	-0.016	15.000	0.000	0.000
1466840.000	0.000	0.000	-0.016	15.000	0.000	0.000
1466840.000	0.000	0.000	-0.016	15.000	0.000	0.000
1466870.000	0.000	0.000	-0.016	15.000	0.000	0.000
1466870.000	0.000	0.000	-0.016	15.000	0.000	0.000
1466870.000	0.000	0.000	-0.016	15.000	0.000	0.000
1466900.000	0.000	0.000	-0.016	15.000	0.000	0.000
1466900.000	0.000	0.000	-0.016	15.000	0.000	0.000
1466900.000	0.000	0.000	-0.016	15.000	0.000	0.000
1466930.000	0.000	0.000	-0.016	15.000	0.000	0.000
1466930.000	0.000	0.000	-0.016	15.000	0.000	0.000
1466930.000	0.000	0.000	-0.016	15.000	0.000	0.000
1466960.000	0.000	0.000	-0.016	15.000	0.000	0.000
1466960.000	0.000	0.000	-0.016	15.000	0.000	0.000
1466960.000	0.000	0.000	-0.016	15.000	0.000	0.000
1466990.000	0.000	0.000	-0.016	15.000	0.000	0.000
1466990.000	0.000	0.000	-0.016	15.000	0.000	0.000
1466990.000	0.000	0.000	-0.016	15.000	0.000	0.000
1467020.000	0.000	0.000	-0.016	15.000	0.000	0.000
1467020.000	0.000	0.000	-0.016	15.000	0.000	0.000
1467020.000	0.000	0.000	-0.016	15.000	0.000	0.000
1467050.000	0.000	0.000	-0.016	15.000	0.000	0.000
1467050.000	0.000	0.000	-0.016	15.000	0.000	0.000
1467050.000	0.000	0.000	-0.016	15.000	0.000	0.000
1467080.000	0.000	0.000	-0.016	15.000	0.000	0.000
1467080.000	0.000	0.000	-0.016	15.000	0.000	0.000
1467080.000	0.000	0.000	-0.016	15.000	0.000	0.000
1467110.000	0.000	0.000	-0.016	15.000	0.000	0.000
1467110.000	0.000	0.000	-0.016	15.000	0.000	0.000
1467110.000	0.000	0.000	-0.016	15.000	0.000	0.000
1467140.000	0.000	0.000	-0.016	15.000	0.000	0.000
1467140.000	0.000	0.000	-0.016	15.000	0.000	0.000
1467140.000	0.000	0.000	-0.016	15.000	0.000	0.000
1467170.000	0.000	0.000	-0.016	15.000	0.000	0.000
1467170.000	0.000	0.000	-0.016	15.000	0.000	0.000
1467170.000	0.000	0.000	-0.016	15.000	0.000	0.000
1467200.000	0.000	0.000	-0.016	15.000	0.000	0.000
1467200.000	0.000	0.000	-0.016	15.000	0.000	0.000
1467200.000	0.000	0.000	-0.016	15.000	0.000	0.000
1467230.000	0.000	0.000	-0.016	15.000	0.000	0.000
1467230.000	0.000	0.000	-0.016	15.000	0.000	0.000
1467230.000	0.000	0.000	-0.016	15.000	0.000	0.000
1467260.000	0.000	0.000	-0.016	15.000	0.000	0.000
1467260.000	0.000	0.000	-0.016	15.000	0.000	0.000
1467260.000	0.000	0.000	-0.016	15.000	0.000	0.000
1467290.000	0.000	0.000	-0.016	15.000	0.000	0.000
1467290.000	0.000	0.000	-0.016	15.000	0.000	0.000
1467290.000	0.000	0.000	-0.016	15.000	0.000	0.000
1467320.000	0.000	0.000	-0.016	15.000	0.000	0.000
1467320.000	0.000	0.000	-0.016	15.000	0.000	0.000
1467320.000	0.000	0.000	-0.016	15.000	0.000	0.000
1467350.000	0.000	0.000	-0.016	15.000	0.000	0.000
1467350.000	0.000	0.000	-0.016	15.000	0.000	0.000
1467350.000	0.000	0.000	-0.016	15.000	0.000	0.000
1467380.000	0.000	0.000	-0.016	15.000	0.000	0.000
1467380.000	0.000	0.000	-0.016	15.000	0.000	0.000
1467380.000	0.000	0.000	-0.016	15.000	0.000	0.000
1467410.000	0.000	0.000	-0.016	15.000	0.000	0.000
1467410.000	0.000	0.000	-0.016	15.000	0.000	0.000
1467410.000	0.000	0.000	-0.016	15.000	0.000	0.000
1467440.000	0.000	0.000	-0.016	15.000	0.000	0.000
1467440.000	0.000	0.000	-0.016	15.000	0.000	0.000
1467440.000	0.000	0.000	-0.016	15.000	0.000	0.000
1467470.000	0.000	0.000	-0.016	15.000	0.000	0.000
1467470.000	0.000	0.000	-0.016	15.000	0.000	0.000
1467470.000	0.000	0.000	-0.016	15.000	0.000	0.000
1467500.000	0.000	0.000	-0.016	15.000	0.000	0.000
1467500.000	0.000	0.000	-0.016	15.000	0.000	0.000
1467500.000	0.000	0.000	-0.016	15.000	0.000	0.000
1467530.000	0.000	0.000	-0.016	15.000	0.000	0.000
1467530.000	0.000	0.000	-0.016	15.000	0.000	0.000
1467530.000	0.000	0.000	-0.016	15.000	0.000	0.000
1467560.000	0.000	0.000	-0.016	15.000	0.000	0.000
1467560.000	0.000	0.000	-0.016	15.000	0.000	0.000
1467560.000	0.000	0.000	-0.016	15.000	0.000	0.000
1467590.000	0.000	0.000	-0.016	15.000	0.000	0.000
1467590.000	0.000	0.000	-0.016	15.000	0.000	0.000
1467590.000	0.000	0.000	-0.016	15.000	0.000	0.000
1467620.000	0.000	0.000	-0.016	15.000	0.000	0.000
1467620.000	0.000	0.000	-0.016	15.000	0.000	0.000
1467620.000	0.000	0.000	-0.016	15.000	0.000	0.000
1467650.000	0.000	0.000	-0.016	15.000	0.000	0.000
1467650.000	0.000	0.000	-0.016	15.000	0.000	0.000
1467650.000	0.000	0.000	-0.016	15.000	0.000	0.000
1467680.000	0.000	0.000	-0.016	15.000	0.000	0.000
1467680.000	0.000	0.000	-0.016	15.000	0.000	0.000
1467680.000	0.000	0.000	-0.016	15.000	0.000	0.000
1467710.000	0.000	0.000	-0.016	15.000	0.000	0.000
1467710.000	0.000	0.000	-0.016	15.000	0.000	0.000
1467710.000	0.000	0.000	-0.016	15.000	0.000	0.000
1467740.000	0.000	0.000	-0.016	15.000	0.000	0.000
1467740.000	0.000	0.000	-0.016	15.000	0.000	0.000
1467740.000	0.000	0.000	-0.016	15.000	0.000	0.000
1467770.000	0.000	0.000	-0.016	15.000	0.000	0.000
1467770.000	0.000	0.000	-0.016	15.000	0.000	0.000
1467770.000	0.000	0.000	-0.016	15.000	0.000	0.000
1467800.000	0.000	0.000	-0.016	15.000	0.000	0.000
1467800.000	0.000	0.000	-0.016	15.000	0.000	0.000
1467800.000	0.000	0.000	-0.016	15.000	0.000	0.000
1467830.000	0.000	0.000	-0.016	15.000	0.000	0.000
1467830.000	0.000	0.000	-0.016	15.000	0.000	0.000
1467830.000	0.000	0.000	-0.016	15.000	0.000	0.000
1467860.000	0.000	0.000	-0.016	15.000	0.000	0.000
1467860.000	0.000	0.000	-0.016	15.000	0.000	0.000
1467860.000	0.000	0.000	-0.016	15.000	0.000	0.000
1467890.000	0.000	0.000	-0.016	15.000	0.000	0.000
1467890.000	0.000	0.000	-0.016	15.000	0.000	0.000
1467890.000	0.000	0.000	-0.016	15.000	0.000	0.000
1467920.000	0.000	0.000	-0.016	15.000	0.000	0.000
1467920.000	0.000	0.000	-0.016	15.000	0.000	0.000
1467920.000	0.000	0.000	-0.016	15.000	0.000	0.000
1467950.000	0.000	0.000	-0.016	15.000	0.000	0.000
1467950.000	0.000	0.000	-0.016	15.000	0.000	0.000
1467950.000	0.000	0.000	-0.016	15.000	0.000	0.000
1467980.000	0.000	0.000	-0.016	15.000	0.000	0.000
1467980.000	0.000	0.000	-0.016	15.000	0.000	0.000
1467980.000	0.000	0.000	-0.016	15.000	0.000	0.000
1468010.000	0.000	0.000	-0.016	15.000	0.000	0.000
1468010.000	0.000	0.000	-0.016	15.000	0.000	0.000
1468010.000	0.000	0.000	-0.016	15.000	0.000	0.000
1468040.000	0.000	0.000	-0.016	15.000	0.000	0.000
1468040.000	0.000	0.000	-0.016	15.000	0.000	0.000
1468040.000	0.000	0.000	-0.016	15.000	0.000	0.000
1468070.000	0.000	0.000	-0.016	15.000	0.000	0.000
1468070.000	0.000	0.000	-0.016	15.000	0.000	0.000
1468070.000	0.000	0.000	-0.016	15.000	0.000	0.000
1468100.000	0.000	0.000	-0.016	15.000	0.000	0.000
1468100.000	0.000	0.000	-0.016	15.000	0.000	0.000
1468100.000	0.000	0.000	-0.016	15.000	0.000	0.000
1468130.000	0.000	0.000	-0.016	15.000	0.000	0.000
1468130.000	0.000	0.000	-0.016	15.000	0.000	0.000
1468130.000	0.000	0.000	-0.016	15.000	0.000	0.000
1468160.000	0.000	0.000	-0.016	15.000	0.000	0.000
1468160.000	0.000	0.000	-0.016	15.000	0.000	0.000
1468160.000	0.000	0.000	-0.016	15.000	0.000	0.000
1468190.000	0.000	0.000	-0.016	15.000	0.000	0.000
1468190.000	0.000	0.000	-0.016	15.000	0.000	0.000
1468190.000	0.000	0.000	-0.016	15.000	0.000	0.000
1468220.000	0.000	0.000	-0.016	15.000	0.000	0.000
1468220.000	0.000	0.000	-0.016	15.000	0.000	0.000
1468220.000	0.000	0.000	-0.016	15.000	0.000	0.000
1468250.000	0.000	0.000	-0.016	15.000	0.000	0.000
1468250.000	0.000	0.000	-0.016	15.000	0.000	0.000
1468250.000	0.000	0.000	-0.016	15.000	0.000	0.000
1468280.000	0.000	0.000	-0.016	15.000	0.000	0.000
1468280.000	0.000	0.000	-0.016	15.000	0.000	0.000
1468280.000	0.000	0.000	-0.016	15.000	0.000	0.000
1468310.000	0.000	0.000	-0.016	15.000	0.000	0.000
1468310.000	0.000	0.000	-0.016	15.000	0.000	0.000
1468310.000	0.000	0.000	-0.016	15.000	0.000	0.000
1468340.000	0.000	0.000	-0.016	15.000	0.000	0.000
1468340.000	0.000	0.000	-0.016	15.000	0.000	0.000
1468340.000	0.000	0.000	-0.016	15.000	0.000	0.000
1468370.000	0.000	0.000	-0.016	15.000	0.000	0.000
1468370.000	0.000	0.000	-0.016	15.000	0.000	0.000
1468370.000	0.000	0.000	-0.016	15.000	0.000	0.000
1468400.000	0.000	0.000	-0.016	15.000	0.000	0.000
1468400.000	0.000	0.000	-0.016	15.000	0.000	0.000
1468400.000	0.000	0.000	-0.016	15.000	0.000	0.000
1468430.000	0.000	0.000	-0.016	15.000	0.000	0.000
1468430.000	0.000	0.000	-0.016	15.000	0.000	0.000
1468430.000	0.000	0.000	-0.016	15.000	0.000	0.000
1468460.000	0.000	0.000	-0.016	15.000	0.000	0.000
1468460.000	0.000	0.000	-0.016	15.000	0.000	0.000
1468460.000	0.000	0.000	-0.016	15.000	0.000	0.000
1468490.000	0.000	0.000	-0.016	15.000	0.000	0.000
1468490.000	0.000	0.000	-0.016	15.000	0.000	0.000
1468490.000	0.000	0.000	-0.016	15.000	0.000	0.000
1468520.000	0.000	0.000	-0.016	15.000	0.000	0.000
1468520.000	0.000	0.000	-0.016	15.000	0.000	0.000
1468520.000	0.000	0.000	-0.016	15.000	0.000	0.000
1468550.000	0.000	0.000	-0.016	15.000	0.000	0.000
1468550.000	0.000	0.000	-0.016	15.000	0.000	0.000
1468550.000	0.000	0.000	-0.016	15.000	0.000	0.000
1468580.000	0.000	0.000	-0.016	15.000	0.000	0.000
1468580.000	0.000	0.000	-0.016	15.000	0.000	0.000
1468580.000	0.000	0.000	-0.016	15.000	0.000	0.000
1468610.000	0.000	0.000	-0.016	15.000	0.000	0.000
1468610.000	0.000	0.000	-0.016	15.000	0.000	0.000
1468610.000	0.000	0.000	-0.016	15.000	0.000	0.000
1468640.000	0.000	0.000	-0.016	15.000	0.000	0.000
1468640.000	0.000	0.000	-0.016	15.000	0.000	0.000
1468640.000	0.000	0.000	-0.016	15.000	0.000	0.000
1468670.000	0.000	0.000	-0.016	15.000	0.000	0.000
1468670.000	0.000	0.000	-0.016	15.000	0.000	0.000
1468670.000	0.000	0.000	-0.016	15.000	0.000	0.000
1468700.000	0.000	0.000	-0.016	15.000	0.000	0.000
1468700.000	0.000	0.000	-0.016	15.000	0.000	0.000
1468700.000	0.000	0.000	-0.016	15.000	0.000	0.000
1468730.000	0.000	0.000	-0.016	15.000	0.000	0.000
1468730.000	0.000	0.000	-0.016	15.000	0.000	0.000
1468730.000	0.000	0.000	-0.016	15.000	0.000	0.000
1468760.000	0.000	0.000	-0.016	15.000	0.000	0.000
1468760.000	0.000	0.000	-0.016	15.000	0.000	0.000
1468760.000	0.000	0.000	-0.016	15.000	0.000	0.000
1468790.000	0.000	0.000	-0.016	15.000	0.000	0.000
1468790.000	0.000	0.000	-0.016	15.000	0.000	0.000
1468790.000	0.000	0.000	-0.016	15.000	0.000	0.000
1468820.000	0.000	0.000	-0.016	15.000	0.000	0.000
1468820.000	0.000	0.000	-0.016	15.000	0.000	0.000
1468820.000	0.000	0.000	-0.016	15.000	0.000	0.000
1468850.000	0.000	0.000	-0.016	15.000	0.000	0.000
1468850.000	0.000	0.000	-0.016	15.000	0.000	0.000
1468850.000	0.000	0.000	-0.016	15.000	0.000	0.000
1468880.000	0.000	0.000	-0.016	15.000	0.000	0.000
1468880.000	0.000	0.000	-0.016	15.000	0.000	0.000
1468880.000	0.000	0.000	-0.016	15.000	0.000	0.000
1468910.000	0.000	0.000	-0.016	15.000	0.000	0.000
1468910.000	0.000	0.000	-0.016	15.000	0.000	0.000
1468910.000	0.000	0.000	-0.016	15.000	0.000	0.000
1468940.000	0.000	0.000	-0.016	15.000	0.000	0.000
1468940.000	0.000	0.000	-0.016	15.000	0.000	0.000
1468940.000	0.000	0.000	-0.016	15.000	0.000	0.000
1468970.000	0.000	0.000	-0.016	15.000	0.000	0.000
1468970.000	0.000	0.000	-0.016	15.000	0.000	0.000
1468970.000	0.000	0.000	-0.016	15.000	0.000	0.000
1469000.000	0.000	0.000	-0.016	15.000	0.000	0.000
1469000.000	0.000	0.000	-0.016	15.000	0.000	0.000
1469000.000	0.000	0.000	-0.016	15.000	0.000	0.000
1469030.000	0.000	0.000	-0.016	15.000	0.000	0.000
1469030.000	0.000	0.000	-0.016	15.000	0.000	0.000
1469030.000	0.000	0.000	-0.016	15.000	0.000	0.000
1469060.000	0.000	0.000	-0.016	15.000	0.000	0.000
1469060.000	0.000	0.000	-0.016	15.000	0.000	0.000
1469060.000	0.000	0.000	-0.016	15.000	0.000	0.000
1469090.000	0.000	0.000	-0.016	15.000	0.000	0.000
1469090.000	0.000	0.000	-0.016	15.000	0.000	0.000
1469090.000	0.000	0.000	-0.016	15.000	0.000	0.000
1469120.000	0.000	0.000	-0.016	15.000	0.000	0.000
1469120.000	0.000	0.000	-0.016	15.000	0.000	0.000
1469120.000	0.000	0.000	-0.016	15.000	0.000	0.000
1469150.000	0.000	0.000	-0.016	15.000	0.000	0.000
1469150.000	0.000	0.000	-0.016	15.000	0.000	0.000
1469150.000	0.000	0.000	-0.016	15.000	0.000	0.000
1469180.000	0.000	0.000	-0.016	15.000	0.000	0.000
1469180.000	0.000	0.000	-0.016	15.000	0.000	0.000
1469180.000	0.000	0.000	-0.016	15.000	0.000	0.000
1469210.000	0.000	0.000	-0.016	15.000	0.000	0.000
1469210.000	0.000	0.000	-0.016	15.000	0.000	0.000
1469210.000	0.000	0.000	-0.016	15.000	0.000	0.000
1469240.000	0.000	0.000	-0.016	15.000	0.000	0.000
1469240.000	0.000	0.000	-0.016	15.000	0.000	0.000
1469240.000	0.000	0.000	-0.016	15.000	0.000	0.000
1469270.000	0.000	0.000	-0.016	15.000	0.000	0.000
1469270.000	0.000	0.000	-0.016	15.000	0.000	0.000
1469270.000	0.000	0.000	-0.016	15.000	0.000	0.000
1469300.000	0.000	0.000	-0.016	15.000	0.000	0.000
1469300.000	0.000	0.000	-0.016	15.000	0.000	0.000
1469300.000	0.000	0.000	-0.016	15.000	0.000	0.000
1469330.000	0.000	0.000	-0.016	15.000	0.000	0.000
1469330.000	0.000	0.000	-0.016	15.000	0.000	0.000
1469330.000	0.000	0.000	-0.016	15.000	0.000	0.000
1469360.000	0.000	0.000	-0.016	15.000	0.000	0.000
1469360.000	0.000	0.000	-0.016	15.000	0.000	0.000
1469360.000	0.000	0.000	-0.016	15.000	0.000	0.000
1469390.000	0.000	0.000	-0.016	15.000	0.000	0.000
1469390.000	0.000	0.000	-0.016	15.000	0.000	0.000
1469390.000	0.000	0.000	-0.016	15.000	0.000	0.000
1469420.000	0.000	0.000	-0.016	15.000	0.000	0.000
1469420.000	0.000	0.000	-0.016	15.000	0.000	0.000
1469420.000	0.000	0.000	-0.016	15.000	0.000	0.000
1469450.000	0.000	0.000	-0.016	15.000	0.000	0.000
1469450.000	0.000	0.000	-0.016	15.000	0.000	0.000
1469450.000	0.000	0.000	-0.016	15.000	0.000	0.000
1469480.000	0.000	0.000	-0.016	15.000	0.000	0.000
1469480.000	0.000	0.000	-0.016	15.000	0.000	0.000
1469480.000	0.000	0.000	-0.016	15.000	0.000	0.000
1469510.000	0.000	0.000	-0.016	15.000	0.000	0.000
1469510.000	0.000	0.000	-0.016	15.000	0.000	0.000
1469510.000	0.000	0.000	-0.016	15.000	0.000	0.000
1469540.000	0.000	0.000	-0.016	15.000	0.000	0.000
1469540.000	0.000	0.000	-0.016	15.000	0.000	0.000
1469540.000	0.000	0.000	-0.016	15.000	0.000	0.000
1469570.000	0.000	0.000	-0.016	15.000	0.000	0.000
1469570.000	0.000	0.000	-0.016	15.000	0.000	0.000
1469570.000	0.000	0.000	-0.016	15.000	0.000	0.000
1469600.000	0.000	0.000	-0.016	15.000	0.000	0.000
1469600.000	0.000	0.000	-0.016	15.000	0.000	0.000
1469600.000	0.000	0.000	-0.016	15.000	0.000	0.000
1469630.000	0.000	0.000	-0.016	15.000	0.000	0.000
1469630.000	0.000	0.000	-0.016	15.000	0.000	0.000
1469630.000	0.000	0.000	-0.016	15.000	0.000	0.000
1469660.000	0.000	0.000	-0.016	15.000	0.000	0.000
1469660.000	0.000	0.000	-0.016	15.000	0.000	0.000
1469660.000	0.000	0.000	-0.016	15.000	0.000	0.000
1469690.000	0.000	0.000	-0.016	15.000	0.000	0.000
1469690.000	0.000	0.000	-0.016	15.000	0.000	0.000
1469690.000	0.000	0.000	-0.016	15.000	0.000	0.000
1469720.000	0.000	0.000	-0.016	15.000	0.000	0.000
1469720.000	0.000	0.000	-0.016	15.000	0.000	0.000
1469720.000	0.000	0.000	-0.016	15.000	0.000	0.000
1469750.000	0.000	0.010	-0.016	15.000	0.000	0.000
1469750.000	0.000	0.010	-0.016	15.000	0.000	0.000
1469750.000	0.000	0.010	-0.016	15.000	0.000	0.000
1469780.000	0.000	0.010	-0.016	15.000	0.000	0.000
1469780.000	0.000	0.010	-0.016	15.000	0.000	0.000
1469780.000	0.000	0.010	-0.016	15.000	0.000	0.000
1469810.000	0.000	0.020	-0.016	15.000	0.000	0.000
1469810.000	0.000	0.020	-0.016	15.000	0.000	0.000
1469810.000	0.000	0.020	-0.016	15.000	0.000	0.000
1469840.000	0.000	0.030	-0.016	15.000	0.000	0.000
1469840.000	0.000	0.030	-0.016	15.000	0.000	0.000
1469840.000	0.000	0.030	-0.016	15.000	0.000	0.000
1469870.000	0.000	0.050	-0.031	15.000	0.000	0.000
1469870.000	0.000	0.050	-0.031	15.000	0.000	0.000
1469870.000	0.000	0.050	-0.031	15.000	0.000	0.000
1469900.000	0.000	0.060	-0.031	15.000	0.000	0.000
1469900.000	0.000	0.060	-0.031	15.000	0.000	0.000
1469900.000	0.000	0.060	-0.031	15.000	0.000	0.000
1469930.000	0.000	0.090	-0.047	15.000	0.000	0.000
1469930.000	0.000	0.090	-0.047	15.000	0.000	0.000
1469930.000	0.000	0.090	-0.047	15.000	0.000	0.000
1469960.000	0.000	0.110	-0.047	15.000	0.000	0.000
1469960.000	0.000	0.110	-0.047	15.000	0.000	0.000
1469960.000	0.000	0.110	-0.047	15.000	0.000	0.000
1469990.000	0.000	0.140	-0.062	15.000	0.000	0.000
1469990.000	0.000	0.140	-0.062	15.000	0.000	0.000
1469990.000	0.000	0.140	-0.062	15.000	0.000	0.000
1470020.000	0.000	0.180	-0.078	15.000	0.000	0.000
1470020.000	0.000	0.180	-0.078	15.000	0.000	0.000
1470020.000	0.000	0.180	-0.078	15.000	0.000	0.000
1470050.000	0.000	0.210	-0.078	15.000	0.000	0.000
1470050.000	0.000	0.210	-0.078	15.000	0.000	0.000
1470050.000	0.000	0.210	-0.078	15.000	0.000	0.000
1470080.000	0.000	0.260	-0.094	15.000	0.000	0.000
1470080.000	0.000	0.260	-0.094	15.000	0.000	0.000
1470080.000	0.000	0.260	-0.094	15.000	0.000	0.000
1470110.000	0.000	0.300	-0.109	15.000	0.000	0.000
1470110.000	0.000	0.300	-0.109	15.000	0.000	0.000
1470110.000	0.000	0.300	-0.109	15.000	0.000	0.000
1470140.000	0.000	0.340	-0.125	15.000	0.000	0.000
1470140.000	0.000	0.340	-0.125	15.000	0.000	0.000
1470140.000	0.000	0.340	-0.125	15.000	0.000	0.000
1470170.000	0.000	0.380	-0.141	15.000	0.000	0.000
1470170.000	0.000	0.380	-0.141	15.000	0.000	0.000
1470170.000	0.000	0.380	-0.141	15.000	0.000	0.000
1470200.000	0.000	0.420	-0.156	15.000	0.000	0.000
1470200.000	0.000	0.420	-0.156	15.000	0.000	0.000
1470200.000	0.000	0.420	-0.156	15.000	0.000	0.000
1470230.000	0.000	0.460	-0.172	15.000	0.000	0.000
1470230.000	0.000	0.460	-0.172	15.000	0.000	0.000
1470230.000	0.000	0.460	-0.172	15.000	0.000	0.000
1470260.000	0.000	0.500	-0.187	15.000	0.000	0.000
1470260.000	0.000	0.500	-0.187	15.000	0.000	0.000
1470260.000	0.000	0.500	-0.187	15.000	0.000	0.000
1470290.000	0.000	0.530	-0.203	15.000	0.000	0.000
1470290.000	0.000	0.530	-0.203	15.000	0.000	0.000
1470290.000	0.000	0.530	-0.203	15.000	0.000	0.000
1470320.000	0.000	0.570	-0.219	15.000	0.000	0.000
1470320.000	0.000	0.570	-0.219	15.000	0.000	0.000
1470320.000	0.000	0.570	-0.219	15.000	0.000	0.000
1470350.000	0.000	0.610	-0.219	15.000	0.000	0.000
1470350.000	0.000	0.610	-0.219	15.000	0.000	0.000
1470350.000	0.000	0.610	-0.219	15.000	0.000	0.000
1470380.000	0.000	0.640	-0.234	15.000	0.000	0.000
1470380.000	0.000	0.640	-0.234	15.000	0.000	0.000
1470380.000	0.000	0.640	-0.234	15.000	0.000	0.000
1470410.000	0.000	0.680	-0.250	15.000	0.000	0.000
1470410.000	0.000	0.680	-0.250	15.000	0.000	0.000
1470410.000	0.000	0.680	-0.250	15.000	0.000	0.000
1470440.000	0.000	0.720	-0.266	15.000	0.000	0.000
1470440.000	0.000	0.720	-0.266	15.000	0.000	0.000
1470440.000	0.000	0.720	-0.266	15.000	0.000	0.000
1470470.000	0.000	0.750	-0.281	15.000	0.000	0.000
1470470.000	0.000	0.750	-0.281	15.000	0.000	0.000
1470470.000	0.000	0.750	-0.281	15.000	0.000	0.000
1470500.000	0.000	0.780	-0.281	15.000	0.000	0.000
1470500.000	0.000	0.780	-0.281	15.000	0.000	0.000
1470500.000	0.000	0.780	-0.281	15.000	0.000	0.000
1470530.000	0.000	0.810	-0.297	15.000	0.000	0.000
1470530.000	0.000	0.810	-0.297	15.000	0.000	0.000
1470530.000	0.000	0.810	-0.297	15.000	0.000	0.000
1470560.000	0.000	0.840	-0.312	15.000	0.000	0.000
1470560.000	0.000	0.840	-0.312	15.000	0.000	0.000
1470560.000	0.000	0.840	-0.312	15.000	0.000	0.000
1470590.000	0.000	0.870	-0.312	15.000	0.000	0.000
1470590.000	0.000	0.870	-0.312	15.000	0.000	0.000
1470590.000	0.000	0.870	-0.312	15.000	0.000	0.000
1470620.000	0.000	0.890	-0.328	15.000	0.000	0.000
1470620.000	0.000	0.890	-0.328	15.000	0.000	0.000
1470620.000	0.000	0.890	-0.328	15.000	0.000	0.000
1470650.000	0.000	0.920	-0.344	15.000	0.000	0.000
1470650.000	0.000	0.920	-0.344	15.000	0.000	0.000
1470650.000	0.000	0.920	-0.344	15.000	0.000	0.000
1470680.000	0.000	0.950	-0.344	15.000	0.000	0.000
1470680.000	0.000	0.950	-0.344	15.000	0.000	0.000
1470680.000	0.000	0.950	-0.344	15.000	0.000	0.000
1470710.000	0.000	0.970	-0.359	15.000	0.000	0.000
1470710.000	0.000	0.970	-0.359	15.000	0.000	0.000
1470710.000	0.000	0.970	-0.359	15.000	0.000	0.000
1470740.000	0.000	1.000	-0.359	15.000	0.000	0.000
1470740.000	0.000	1.000	-0.359	15.000	0.000	0.000
1470740.000	0.000	1.000	-0.359	15.000	0.000	0.000
1470770.000	0.000	1.020	-0.375	15.000	0.000	0.000
1470770.000	0.000	1.020	-0.375	15.000	0.000	0.000
1470770.000	0.000	1.020	-0.375	15.000	0.000	0.000
1470800.000	0.000	1.050	-0.391	15.000	0.000	0.000
1470800.000	0.000	1.050	-0.391	15.000	0.000	0.000
1470800.000	0.000	1.050	-0.391	15.000	0.000	0.000
1470830.000	0.000	1.080	-0.391	15.000	0.000	0.000
1470830.000	0.000	1.080	-0.391	15.000	0.000	0.000
1470830.000	0.000	1.080	-0.391	15.000	0.000	0.000
1470860.000	0.000	1.110	-0.406	15.000	0.000	0.000
1470860.000	0.000	1.110	-0.406	15.000	0.000	0.000
1470860.000	0.000	1.110	-0.406	15.000	0.000	0.000
1470890.000	0.000	1.140	-0.422	15.000	0.000	0.000
1470890.000	0.000	1.140	-0.422	15.000	0.000	0.000
1470890.000	0.000	1.140	-0.422	15.000	0.000	0.000
1470920.000	0.000	1.170	-0.437	15.000	0.000	0.000
1470920.000	0.000	1.170	-0.437	15.000	0.000	0.000
1470920.000	0.000	1.170	-0.437	15.000	0.000	0.000
1470950.000	0.000	1.210	-0.437	15.000	0.000	0.000
1470950.000	0.000	1.210	-0.437	15.000	0.000	0.000
1470950.000	0.000	1.210	-0.437	15.000	0.000	0.000
1470980.000	0.000	1.240	-0.453	15.000	0.000	0.000
1470980.000	0.000	1.240	-0.453	15.000	0.000	0.000
1470980.000	0.000	1.240	-0.453	15.000	0.000	0.000
1471010.000	0.000	1.270	-0.469	15.000	0.000	0.000
1471010.000	0.000	1.270	-0.469	15.000	0.000	0.000
1471010.000	0.000	1.270	-0.469	15.000	0.000	0.000
1471040.000	0.000	1.310	-0.484	15.000	0.000	0.000
1471040.000	0.000	1.310	-0.484	15.000	0.000	0.000
1471040.000	0.000	1.310	-0.484	15.000	0.000	0.000
1471070.000	0.000	1.340	-0.484	15.000	0.000	0.000
1471070.000	0.000	1.340	-0.484	15.000	0.000	0.000
1471070.000	0.000	1.340	-0.484	15.000	0.000	0.000
1471100.000	0.000	1.370	-0.500	15.000	0.000	0.000
1471100.000	0.000	1.370	-0.500	15.000	0.000	0.000
1471100.000	0.000	1.370	-0.500	15.000	0.000	0.000
1471130.000	0.000	1.400	-0.516	15.000	0.000	0.000
1471130.000	0.000	1.400	-0.516	15.000	0.000	0.000
1471130.000	0.000	1.400	-0.516	15.000	0.000	0.000
1471160.000	0.000	1.430	-0.516	15.000	0.000	0.000
1471160.000	0.000	1.430	-0.516	15.000	0.000	0.000
1471160.000	0.000	1.430	-0.516	15.000	0.000	0.000
1471190.000	0.000	1.460	-0.531	15.000	0.000	0.000
1471190.000	0.000	1.460	-0.531	15.000	0.000	0.000
1471190.000	0.000	1.460	-0.531	15.000	0.000	0.000
1471220.000	0.000	1.490	-0.547	15.000	0.000	0.000
1471220.000	0.000	1.490	-0.547	15.000	0.000	0.000
1471220.000	0.000	1.490	-0.547	15.000	0.000	0.000
1471250.000	0.000	1.510	-0.547	15.000	0.000	0.000
1471250.000	0.000	1.510	-0.547	15.000	0.000	0.000
1471250.000	0.000	1.510	-0.547	15.000	0.000	0.000
1471280.000	0.000	1.530	-0.562	15.000	0.000	0.000
1471280.000	0.000	1.530	-0.562	15.000	0.000	0.000
1471280.000	0.000	1.530	-0.562	15.000	0.000	0.000
1471310.000	0.000	1.550	-0.562	15.000	0.000	0.000
1471310.000	0.000	1.550	-0.562	15.000	0.000	0.000
1471310.000	0.000	1.550	-0.562	15.000	0.000	0.000
1471340.000	0.000	1.560	-0.562	15.000	0.000	0.000
1471340.000	0.000	1.560	-0.562	15.000	0.000	0.000
1471340.000	0.000	1.560	-0.562	15.000	0.000	0.000
1471370.000	0.000	1.570	-0.578	15.000	0.000	0.000
1471370.000	0.000	1.570	-0.578	15.000	0.000	0.000
1471370.000	0.000	1.570	-0.578	15.000	0.000	0.000
1471400.000	0.000	1.570	-0.578	15.000	0.000	0.000
1471400.000	0.000	1.570	-0.578	15.000	0.000	0.000
1471400.000	0.000	1.570	-0.578	15.000	0.000	0.000
1471430.000	0.000	1.570	-0.578	15.000	0.000	0.000
1471430.000	0.000	1.570	-0.578	15.000	0.000	0.000
1471430.000	0.000	1.570	-0.578	15.000	0.000	0.000
1471460.000	0.000	1.560	-0.562	15.000	0.000	0.000
1471460.000	0.000	1.560	-0.562	15.000	0.000	0.000
1471460.000	0.000	1.560	-0.562	15.000	0.000	0.000
1471490.000	0.000	1.550	-0.562	15.000	0.000	0.000
1471490.000	0.000	1.550	-0.562	15.000	0.000	0.000
1471490.000	0.000	1.550	-0.562	15.000	0.000	0.000
1471520.000	0.000	1.530	-0.562	15.000	0.000	0.000
1471520.000	0.000	1.530	-0.562	15.000	0.000	0.000
1471520.000	0.000	1.530	-0.562	15.000	0.000	0.000
1471550.000	0.000	1.520	-0.547	15.000	0.000	0.000
1471550.000	0.000	1.520	-0.547	15.000	0.000	0.000
1471550.000	0.000	1.520	-0.547	15.000	0.000	0.000
1471580.000	0.000	1.500	-0.547	15.000	0.000	0.000
1471580.000	0.000	1.500	-0.547	15.000	0.000	0.000
1471580.000	0.000	1.500	-0.547	15.000	0.000	0.000
1471610.000	0.000	1.470	-0.531	15.000	0.000	0.000
1471610.000	0.000	1.470	-0.531	15.000	0.000	0.000
1471610.000	0.000	1.470	-0.531	15.000	0.000	0.000
1471640.000	0.000	1.450	-0.531	15.000	0.000	0.000
1471640.000	0.000	1.450	-0.531	15.000	0.000	0.000
1471640.000	0.000	1.450	-0.531	15.000	0.000	0.000
1471670.000	0.000	1.420	-0.516	15.000	0.000	0.000
1471670.000	0.000	1.420	-0.516	15.000	0.000	0.000
1471670.000	0.000	1.420	-0.516	15.000	0.000	0.000
1471700.000	0.000	1.380	-0.500	15.000	0.000	0.000
1471700.000	0.000	1.380	-0.500	15.000	0.000	0.000
1471700.000	0.000	1.380	-0.500	15.000	0.000	0.000
1471730.000	0.000	1.350	-0.500	15.000	0.000	0.000
1471730.000	0.000	1.350	-0.500	15.000	0.000	0.000
1471730.000	0.000	1.350	-0.500	15.000	0.000	0.000
1471760.000	0.000	1.310	-0.484	15.000	0.000	0.000
1471760.000	0.000	1.310	-0.484	15.000	0.000	0.000
1471760.000	0.000	1.310	-0.484	15.000	0.000	0.000
1471790.000	0.000	1.270	-0.469	15.000	0.000	0.000
1471790.000	0.000	1.270	-0.469	15.000	0.000	0.000
1471790.000	0.000	1.270	-0.469	15.000	0.000	0.000
1471820.000	0.000	1.230	-0.453	15.000	0.000	0.000
1471820.000	0.000	1.230	-0.453	15.000	0.000	0.000
1471820.000	0.000	1.230	-0.453	15.000	0.000	0.000
1471850.000	0.000	1.180	-0.437	15.000	0.000	0.000
1471850.000	0.000	1.180	-0.437	15.000	0.000	0.000
1471850.000	0.000	1.180	-0.437	15.000	0.000	0.000
1471880.000	0.000	1.130	-0.422	15.000	0.000	0.000
1471880.000	0.000	1.130	-0.422	15.000	0.000	0.000
1471880.000	0.000	1.130	-0.422	15.000	0.000	0.000
1471910.000	0.000	1.080	-0.406	15.000	0.000	0.000
1471910.000	0.000	1.080	-0.406	15.000	0.000	0.000
1471910.000	0.000	1.080	-0.406	15.000	0.000	0.000
1471940.000	0.000	1.030	-0.375	15.000	0.000	0.000
1471940.000	0.000	1.030	-0.375	15.000	0.000	0.000
1471940.000	0.000	1.030	-0.375	15.000	0.000	0.000
1471970.000	0.000	0.980	-0.359	15.000	0.000	0.000
1471970.000	0.000	0.980	-0.359	15.000	0.000	0.000
1471970.000	0.000	0.980	-0.359	15.000	0.000	0.000
1472000.000	0.000	0.920	-0.344	15.000	0.000	0.000
1472000.000	0.000	0.920	-0.344	15.000	0.000	0.000
1472000.000	0.000	0.920	-0.344	15.000	0.000	0.000
1472030.000	0.000	0.870	-0.328	15.000	0.000	0.000
1472030.000	0.000	0.870	-0.328	15.000	0.000	0.000
1472030.000	0.000	0.870	-0.328	15.000	0.000	0.000
1472060.000	0.000	0.810	-0.297	15.000	0.000	0.000
1472060.000	0.000	0.810	-0.297	15.000	0.000	0.000
1472060.000	0.000	0.810	-0.297	15.000	0.000	0.000
1472090.000	0.000	0.750	-0.281	15.000	0.000	0.000
1472090.000	0.000	0.750	-0.281	15.000	0.000	0.000
1472090.000	0.000	0.750	-0.281	15.000	0.000	0.000
1472120.000	0.000	0.690	-0.250	15.000	0.000	0.000
1472120.000	0.000	0.690	-0.250	15.000	0.000	0.000
1472120.000	0.000	0.690	-0.250	15.000	0.000	0.000
1472150.000	0.000	0.620	-0.234	15.000	0.000	0.000
1472150.000	0.000	0.620	-0.234	15.000	0.000	0.000
1472150.000	0.000	0.620	-0.234	15.000	0.000	0.000
1472175.000	0.000	0.570	-0.219	15.000	0.000	0.000
1472175.000	0.000	0.570	-0.219	15.000	0.000	0.000
1472175.000	0.000	0.570	-0.219	15.000	0.000	0.000
1472210.000	0.000	0.500	-0.187	15.000	0.000	0.000
1472210.000	0.000	0.500	-0.187	15.000	0.000	0.000
1472210.000	0.000	0.500	-0.187	15.000	0.000	0.000
1472240.000	0.000	0.430	-0.172	15.000	0.000	0.000
1472240.000	0.000	0.430	-0.172	15.000	0.000	0.000
1472240.000	0.000	0.430	-0.172	15.000	0.000	0.000
1472270.000	0.000	0.370	-0.141	15.000	0.000	0.000
1472270.000	0.000	0.370	-0.141	15.000	0.000	0.000
1472270.000	0.000	0.370	-0.141	15.000	0.000	0.000
1472300.000	0.000	0.310	-0.125	15.000	0.000	0.000
1472300.000	0.000	0.310	-0.125	15.000	0.000	0.000
1472300.000	0.000	0.310	-0.125	15.000	0.000	0.000
1472325.000	0.000	0.250	-0.094	15.000	0.000	0.000
1472325.000	0.000	0.250	-0.094	15.000	0.000	0.000
1472325.000	0.000	0.250	-0.094	15.000	0.000	0.000
1472355.000	0.000	0.190	-0.078	15.000	0.000	0.000
1472355.000	0.000	0.190	-0.078	15.000	0.000	0.000
1472355.000	0.000	0.190	-0.078	15.000	0.000	0.000
1472390.000	0.000	0.110	-0.047	15.000	0.000	0.000
1472390.000	0.000	0.110	-0.047	15.000	0.000	0.000
1472390.000	0.000	0.110	-0.047	15.000	0.000	0.000
1472415.000	0.000	0.060	-0.031	15.000	0.000	0.000
1472415.000	0.000	0.060	-0.031	15.000	0.000	0.000
1472415.000	0.000	0.060	-0.031	15.000	0.000	0.000
1472445.000	0.000	0.000	-0.016	15.000	0.000	0.000
1472445.000	0.000	0.000	-0.016	15.000	0.000	0.000
1472445.000	0.000	0.000	-0.016	15.000	0.000	0.000
1472475.000	0.000	-0.060	0.016	15.000	0.000	0.000
1472475.000	0.000	-0.060	0.016	15.000	0.000	0.000
1472475.000	0.000	-0.060	0.016	15.000	0.000	0.000
1472510.000	0.000	-0.130	0.031	15.000	0.000	0.000
1472510.000	0.000	-0.130	0.031	15.000	0.000	0.000
1472510.000	0.000	-0.130	0.031	15.000	0.000	0.000
1472540.000	0.000	-0.190	0.062	15.000	0.000	0.000
1472540.000	0.000	-0.190	0.062	15.000	0.000	0.000
1472540.000	0.000	-0.190	0.062	15.000	0.000	0.000
1472565.000	0.000	-0.240	0.078	15.000	0.000	0.000
1472565.000	0.000	-0.240	0.078	15.000	0.000	0.000
1472565.000	0.000	-0.240	0.078	15.000	0.000	0.000
1472600.000	0.000	-0.300	0.094	15.000	0.000	0.000
1472600.000	0.000	-0.300	0.094	15.000	0.000	0.000
1472600.000	0.000	-0.300	0.094	15.000	0.000	0.000
1472625.000	0.000	-0.350	0.109	15.000	0.000	0.000
1472625.000	0.000	-0.350	0.109	15.000	0.000	0.000
1472625.000	0.000	-0.350	0.109	15.000	0.000	0.000
1472660.000	0.000	-0.400	0.141	15.000	0.000	0.000
1472660.000	0.000	-0.400	0.141	15.000	0.000	0.000
1472660.000	0.000	-0.400	0.141	15.000	0.000	0.000
1472685.000	0.000	-0.440	0.156	15.000	0.000	0.000
1472685.000	0.000	-0.440	0.156	15.000	0.000	0.000
1472685.000	0.000	-0.440	0.156	15.000	0.000	0.000
1472715.000	0.000	-0.490	0.172	15.000	0.000	0.000
1472715.000	0.000	-0.490	0.172	15.000	0.000	0.000
1472715.000	0.000	-0.490	0.172	15.000	0.000	0.000
1472750.000	0.000	-0.540	0.187	15.000	0.000	0.000
1472750.000	0.000	-0.540	0.187	15.000	0.000	0.000
1472750.000	0.000	-0.540	0.187	15.000	0.000	0.000
1472775.000	0.000	-0.570	0.203	15.000	0.000	0.000
1472775.000	0.000	-0.570	0.203	15.000	0.000	0.000
1472775.000	0.000	-0.570	0.203	15.000	0.000	0.000
1472810.000	0.000	-0.620	0.219	15.000	0.000	0.000
1472810.000	0.000	-0.620	0.219	15.000	0.000	0.000
1472810.000	0.000	-0.620	0.219	15.000	0.000	0.000
1472835.000	0.000	-0.650	0.219	15.000	0.000	0.000
1472835.000	0.000	-0.650	0.219	15.000	0.000	0.000
1472835.000	0.000	-0.650	0.219	15.000	0.000	0.000
1472865.000	0.000	-0.680	0.234	15.000	0.000	0.000
1472865.000	0.000	-0.680	0.234	15.000	0.000	0.000
1472865.000	0.000	-0.680	0.234	15.000	0.000	0.000
1472895.000	0.000	-0.710	0.250	15.000	0.000	0.000
1472895.000	0.000	-0.710	0.250	15.000	0.000	0.000
1472895.000	0.000	-0.710	0.250	15.000	0.000	0.000
1472930.000	0.000	-0.740	0.250	15.000	0.000	0.000
1472930.000	0.000	-0.740	0.250	15.000	0.000	0.000
1472930.000	0.000	-0.740	0.250	15.000	0.000	0.000
1472960.000	0.000	-0.770	0.266	15.000	0.000	0.000
1472960.000	0.000	-0.770	0.266	15.000	0.000	0.000
1472960.000	0.000	-0.770	0.266	15.000	0.000	0.000
1472990.000	0.000	-0.790	0.266	15.000	0.000	0.000
1472990.000	0.000	-0.790	0.266	15.000	0.000	0.000
1472990.000	0.000	-0.790	0.266	15.000	0.000	0.000
1473020.000	0.000	-0.810	0.281	15.000	0.000	0.000
1473020.000	0.000	-0.810	0.281	15.000	0.000	0.000
1473020.000	0.000	-0.810	0.281	15.000	0.000	0.000
1473050.000	0.000	-0.830	0.281	15.000	0.000	0.000
1473050.000	0.000	-0.830	0.281	15.000	0.000	0.000
1473050.000	0.000	-0.830	0.281	15.000	0.000	0.000
1473075.000	0.000	-0.840	0.297	15.000	0.000	0.000
1473075.000	0.000	-0.840	0.297	15.000	0.000	0.000
1473075.000	0.000	-0.840	0.297	15.000	0.000	0.000
1473105.000	0.000	-0.850	0.297	15.000	0.000	0.000
1473105.000	0.000	-0.850	0.297	15.000	0.000	0.000
1473105.000	0.000	-0.850	0.297	15.000	0.000	0.000
1473135.000	0.000	-0.850	0.297	15.000	0.000	0.000
1473135.000	0.000	-0.850	0.297	15.000	0.000	0.000
1473135.000	0.000	-0.850	0.297	15.000	0.000	0.000
1473165.000	0.000	-0.860	0.297	15.000	0.000	0.000
1473165.000	0.000	-0.860	0.297	15.000	0.000	0.000
1473165.000	0.000	-0.860	0.297	15.000	0.000	0.000
1473195.000	0.000	-0.860	0.297	15.000	0.000	0.000
1473195.000	0.000	-0.860	0.297	15.000	0.000	0.000
1473195.000	0.000	-0.860	0.297	15.000	0.000	0.000
1473225.000	0.000	-0.850	0.297	15.000	0.000	0.000
1473225.000	0.000	-0.850	0.297	15.000	0.000	0.000
1473225.000	0.000	-0.850	0.297	15.000	0.000	0.000
1473255.000	0.000	-0.850	0.297	15.000	0.000	0.000
1473255.000	0.000	-0.850	0.297	15.000	0.000	0.000
1473255.000	0.000	-0.850	0.297	15.000	0.000	0.000
1473285.000	0.000	-0.840	0.297	15.000	0.000	0.000
1473285.000	0.000	-0.840	0.297	15.000	0.000	0.000
1473285.000	0.000	-0.840	0.297	15.000	0.000	0.000
1473315.000	0.000	-0.830	0.281	15.000	0.000	0.000
1473315.000	0.000	-0.830	0.281	15.000	0.000	0.000
1473315.000	0.000	-0.830	0.281	15.000	0.000	0.000
1473345.000	0.000	-0.820	0.281	15.000	0.000	0.000
1473345.000	0.000	-0.820	0.281	15.000	0.000	0.000
1473345.000	0.000	-0.820	0.281	15.000	0.000	0.000
1473380.000	0.000	-0.800	0.281	15.000	0.000	0.000
1473380.000	0.000	-0.800	0.281	15.000	0.000	0.000
1473380.000	0.000	-0.800	0.281	15.000	0.000	0.000
1473405.000	0.000	-0.790	0.266	15.000	0.000	0.000
1473405.000	0.000	-0.790	0.266	15.000	0.000	0.000
1473405.000	0.000	-0.790	0.266	15.000	0.000	0.000
1473435.000	0.000	-0.770	0.266	15.000	0.000	0.000
1473435.000	0.000	-0.770	0.266	15.000	0.000	0.000
1473435.000	0.000	-0.770	0.266	15.000	0.000	0.000
1473470.000	0.000	-0.740	0.250	15.000	0.000	0.000
1473470.000	0.000	-0.740	0.250	15.000	0.000	0.000
1473470.000	0.000	-0.740	0.250	15.000	0.000	0.000
1473495.000	0.000	-0.720	0.250	15.000	0.000	0.000
1473495.000	0.000	-0.720	0.250	15.000	0.000	0.000
1473495.000	0.000	-0.720	0.250	15.000	0.000	0.000
1473525.000	0.000	-0.700	0.234	15.000	0.000	0.000
1473525.000	0.000	-0.700	0.234	15.000	0.000	0.000
1473525.000	0.000	-0.700	0.234	15.000	0.000	0.000
1473555.000	0.000	-0.670	0.234	15.000	0.000	0.000
1473555.000	0.000	-0.670	0.234	15.000	0.000	0.000
1473555.000	0.000	-0.670	0.234	15.000	0.000	0.000
1473585.000	0.000	-0.640	0.219	15.000	0.000	0.000
1473585.000	0.000	-0.640	0.219	15.000	0.000	0.000
1473585.000	0.000	-0.640	0.219	15.000	0.000	0.000
1473615.000	0.000	-0.610	0.203	15.000	0.000	0.000
1473615.000	0.000	-0.610	0.203	15.000	0.000	0.000
1473615.000	0.000	-0.610	0.203	15.000	0.000	0.000
1473645.000	0.000	-0.580	0.203	15.000	0.000	0.000
1473645.000	0.000	-0.580	0.203	15.000	0.000	0.000
1473645.000	0.000	-0.580	0.203	15.000	0.000	0.000
1473675.000	0.000	-0.550	0.187	15.000	0.000	0.000
1473675.000	0.000	-0.550	0.187	15.000	0.000	0.000
1473675.000	0.000	-0.550	0.187	15.000	0.000	0.000
1473705.000	0.000	-0.510	0.172	15.000	0.000	0.000
1473705.000	0.000	-0.510	0.172	15.000	0.000	0.000
1473705.000	0.000	-0.510	0.172	15.000	0.000	0.000
1473735.000	0.000	-0.480	0.156	15.000	0.000	0.000
1473735.000	0.000	-0.480	0.156	15.000	0.000	0.000
1473735.000	0.000	-0.480	0.156	15.000	0.000	0.000
1473765.000	0.000	-0.440	0.141	15.000	0.000	0.000
1473765.000	0.000	-0.440	0.141	15.000	0.000	0.000
1473765.000	0.000	-0.440	0.141	15.000	0.000	0.000
1473795.000	0.000	-0.400	0.141	15.000	0.000	0.000
1473795.000	0.000	-0.400	0.141	15.000	0.000	0.000
1473795.000	0.000	-0.400	0.141	15.000	0.000	0.000
1473830.000	0.000	-0.360	0.125	15.000	0.000	0.000
1473830.000	0.000	-0.360	0.125	15.000	0.000	0.000
1473830.000	0.000	-0.360	0.125	15.000	0.000	0.000
1473855.000	0.000	-0.330	0.109	15.000	0.000	0.000
1473855.000	0.000	-0.330	0.109	15.000	0.000	0.000
1473855.000	0.000	-0.330	0.109	15.000	0.000	0.000
1473885.000	0.000	-0.290	0.094	15.000	0.000	0.000
1473885.000	0.000	-0.290	0.094	15.000	0.000	0.000
1473885.000	0.000	-0.290	0.094	15.000	0.000	0.000
1473915.000	0.000	-0.250	0.078	15.000	0.000	0.000
1473915.000	0.000	-0.250	0.078	15.000	0.000	0.000
1473915.000	0.000	-0.250	0.078	15.000	0.000	0.000
1473945.000	0.000	-0.210	0.062	15.000	0.000	0.000
1473945.000	0.000	-0.210	0.062	15.000	0.000	0.000
1473945.000	0.000	-0.210	0.062	15.000	0.000	0.000
1473975.000	0.000	-0.170	0.047	15.000	0.000	0.000
1473975.000	0.000	-0.170	0.047	15.000	0.000	0.000
1473975.000	0.000	-0.170	0.047	15.000	0.000	0.000
1474005.000	0.000	-0.130	0.031	15.000	0.000	0.000
1474005.000	0.000	-0.130	0.031	15.000	0.000	0.000
1474005.000	0.000	-0.130	0.031	15.000	0.000	0.000
1474035.000	0.000	-0.090	0.031	15.000	0.000	0.000
1474035.000	0.000	-0.090	0.031	15.000	0.000	0.000
1474035.000	0.000	-0.090	0.031	15.000	0.000	0.000
1474065.000	0.000	-0.050	0.016	15.000	0.000	0.000
1474065.000	0.000	-0.050	0.016	15.000	0.000	0.000
1474065.000	0.000	-0.050	0.016	15.000	0.000	0.000
1474095.000	0.000	-0.020	0.000	15.000	0.000	0.000
1474095.000	0.000	-0.020	0.000	15.000	0.000	0.000
1474095.000	0.000	-0.020	0.000	15.000	0.000	0.000
1474125.000	0.000	0.020	-0.016	15.000	0.000	0.000
1474125.000	0.000	0.020	-0.016	15.000	0.000	0.000
1474125.000	0.000	0.020	-0.016	15.000	0.000	0.000
1474155.000	0.000	0.060	-0.031	15.000	0.000	0.000
1474155.000	0.000	0.060	-0.031	15.000	0.000	0.000
1474155.000	0.000	0.060	-0.031	15.000	0.000	0.000
1474185.000	0.000	0.100	-0.047	15.000	0.000	0.000
1474185.000	0.000	0.100	-0.047	15.000	0.000	0.000
1474185.000	0.000	0.100	-0.047	15.000	0.000	0.000
1474215.000	0.000	0.130	-0.062	15.000	0.000	0.000
1474215.000	0.000	0.130	-0.062	15.000	0.000	0.000
1474215.000	0.000	0.130	-0.062	15.000	0.000	0.000
1474245.000	0.000	0.170	-0.062	15.000	0.000	0.000
1474245.000	0.000	0.170	-0.062	15.000	0.000	0.000
1474245.000	0.000	0.170	-0.062	15.000	0.000	0.000
1474275.000	0.000	0.200	-0.078	15.000	0.000	0.000
1474275.000	0.000	0.200	-0.078	15.000	0.000	0.000
1474275.000	0.000	0.200	-0.078	15.000	0.000	0.000
1474305.000	0.000	0.240	-0.094	15.000	0.000	0.000
1474305.000	0.000	0.240	-0.094	15.000	0.000	0.000
1474305.000	0.000	0.240	-0.094	15.000	0.000	0.000
1474335.000	0.000	0.270	-0.109	15.000	0.000	0.000
1474335.000	0.000	0.270	-0.109	15.000	0.000	0.000
1474335.000	0.000	0.270	-0.109	15.000	0.000	0.000
1474365.000	0.000	0.310	-0.125	15.000	0.000	0.000
1474365.000	0.000	0.310	-0.125	15.000	0.000	0.000
1474365.000	0.000	0.310	-0.125	15.000	0.000	0.000
1474395.000	0.000	0.340	-0.125	15.000	0.000	0.000
1474395.000	0.000	0.340	-0.125	15.000	0.000	0.000
1474395.000	0.000	0.340	-0.125	15.000	0.000	0.000
1474425.000	0.000	0.370	-0.141	15.000	0.000	0.000
1474425.000	0.000	0.370	-0.141	15.000	0.000	0.000
1474425.000	0.000	0.370	-0.141	15.000	0.000	0.000
1474455.000	0.000	0.400	-0.156	15.000	0.000	0.000
1474455.000	0.000	0.400	-0.156	15.000	0.000	0.000
1474455.000	0.000	0.400	-0.156	15.000	0.000	0.000
1474485.000	0.000	0.430	-0.172	15.000	0.000	0.000
1474485.000	0.000	0.430	-0.172	15.000	0.000	0.000
1474485.000	0.000	0.430	-0.172	15.000	0.000	0.000
1474515.000	0.000	0.460	-0.172	15.000	0.000	0.000
1474515.000	0.000	0.460	-0.172	15.000	0.000	0.000
1474515.000	0.000	0.460	-0.172	15.000	0.000	0.000
1474545.000	0.000	0.490	-0.187	15.000	0.000	0.000
1474545.000	0.000	0.490	-0.187	15.000	0.000	0.000
1474545.000	0.000	0.490	-0.187	15.000	0.000	0.000
1474575.000	0.000	0.520	-0.203	15.000	0.000	0.000
1474575.000	0.000	0.520	-0.203	15.000	0.000	0.000
1474575.000	0.000	0.520	-0.203	15.000	0.000	0.000
1474605.000	0.000	0.550	-0.203	15.000	0.000	0.000
1474605.000	0.000	0.550	-0.203	15.000	0.000	0.000
1474605.000	0.000	0.550	-0.203	15.000	0.000	0.000
1474635.000	0.000	0.570	-0.219	15.000	0.000	0.000
1474635.000	0.000	0.570	-0.219	15.000	0.000	0.000
1474635.000	0.000	0.570	-0.219	15.000	0.000	0.000
1474665.000	0.000	0.600	-0.219	15.000	0.000	0.000
1474665.000	0.000	0.600	-0.219	15.000	0.000	0.000
1474665.000	0.000	0.600	-0.219	15.000	0.000	0.000
1474695.000	0.000	0.620	-0.234	15.000	0.000	0.000
1474695.000	0.000	0.620	-0.234	15.000	0.000	0.000
1474695.000	0.000	0.620	-0.234	15.000	0.000	0.000
1474725.000	0.000	0.640	-0.234	15.000	0.000	0.000
1474725.000	0.000	0.640	-0.234	15.000	0.000	0.000
1474725.000	0.000	0.640	-0.234	15.000	0.000	0.000
1474755.000	0.000	0.660	-0.250	15.000	0.000	0.000
1474755.000	0.000	0.660	-0.250	15.000	0.000	0.000
1474755.000	0.000	0.660	-0.250	15.000	0.000	0.000
1474785.000	0.000	0.680	-0.250	15.000	0.000	0.000
1474785.000	0.000	0.680	-0.250	15.000	0.000	0.000
1474785.000	0.000	0.680	-0.250	15.000	0.000	0.000
1474815.000	0.000	0.690	-0.266	15.000	0.000	0.000
1474815.000	0.000	0.690	-0.266	15.000	0.000	0.000
1474815.000	0.000	0.690	-0.266	15.000	0.000	0.000
1474845.000	0.000	0.710	-0.266	15.000	0.000	0.000
1474845.000	0.000	0.710	-0.266	15.000	0.000	0.000
1474845.000	0.000	0.710	-0.266	15.000	0.000	0.000
1474875.000	0.000	0.720	-0.266	15.000	0.000	0.000
1474875.000	0.000	0.720	-0.266	15.000	0.000	0.000
1474875.000	0.000	0.720	-0.266	15.000	0.000	0.000
1474905.000	0.000	0.730	-0.266	15.000	0.000	0.000
1474905.000	0.000	0.730	-0.266	15.000	0.000	0.000
1474905.000	0.000	0.730	-0.266	15.000	0.000	0.000
1474935.000	0.000	0.740	-0.281	15.000	0.000	0.000
1474935.000	0.000	0.740	-0.281	15.000	0.000	0.000
1474935.000	0.000	0.740	-0.281	15.000	0.000	0.000
1474965.000	0.000	0.750	-0.281	15.000	0.000	0.000
1474965.000	0.000	0.750	-0.281	15.000	0.000	0.000
1474965.000	0.000	0.750	-0.281	15.000	0.000	0.000
1474995.000	0.000	0.760	-0.281	15.000	0.000	0.000
1474995.000	0.000	0.760	-0.281	15.000	0.000	0.000
1474995.000	0.000	0.760	-0.281	15.000	0.000	0.000
1475025.000	0.000	0.760	-0.281	15.000	0.000	0.000
1475025.000	0.000	0.760	-0.281	15.000	0.000	0.000
1475025.000	0.000	0.760	-0.281	15.000	0.000	0.000
1475055.000	0.000	0.770	-0.281	15.000	0.000	0.000
1475055.000	0.000	0.770	-0.281	15.000	0.000	0.000
1475055.000	0.000	0.770	-0.281	15.000	0.000	0.000
1475085.000	0.000	0.770	-0.281	15.000	0.000	0.000
1475085.000	0.000	0.770	-0.281	15.000	0.000	0.000
1475085.000	0.000	0.770	-0.281	15.000	0.000	0.000
1475115.000	0.000	0.770	-0.281	15.000	0.000	0.000
1475115.000	0.000	0.770	-0.281	15.000	0.000	0.000
1475115.000	0.000	0.770	-0.281	15.000	0.000	0.000
1475145.000	0.000	0.770	-0.281	15.000	0.000	0.000
1475145.000	0.000	0.770	-0.281	15.000	0.000	0.000
1475145.000	0.000	0.770	-0.281	15.000	0.000	0.000
1475175.000	0.000	0.770	-0.281	15.000	0.000	0.000
1475175.000	0.000	0.770	-0.281	15.000	0.000	0.000
1475175.000	0.000	0.770	-0.281	15.000	0.000	0.000
1475205.000	0.000	0.760	-0.281	15.000	0.000	0.000
1475205.000	0.000	0.760	-0.281	15.000	0.000	0.000
1475205.000	0.000	0.760	-0.281	15.000	0.000	0.000
1475235.000	0.000	0.760	-0.281	15.000	0.000	0.000
1475235.000	0.000	0.760	-0.281	15.000	0.000	0.000
1475235.000	0.000	0.760	-0.281	15.000	0.000	0.000
1475265.000	0.000	0.750	-0.281	15.000	0.000	0.000
1475265.000	0.000	0.750	-0.281	15.000	0.000	0.000
1475265.000	0.000	0.750	-0.281	15.000	0.000	0.000
1475295.000	0.000	0.740	-0.281	15.000	0.000	0.000
1475295.000	0.000	0.740	-0.281	15.000	0.000	0.000
1475295.000	0.000	0.740	-0.281	15.000	0.000	0.000
1475325.000	0.000	0.740	-0.281	15.000	0.000	0.000
1475325.000	0.000	0.740	-0.281	15.000	0.000	0.000
1475325.000	0.000	0.740	-0.281	15.000	0.000	0.000
1475355.000	0.000	0.730	-0.266	15.000	0.000	0.000
1475355.000	0.000	0.730	-0.266	15.000	0.000	0.000
1475355.000	0.000	0.730	-0.266	15.000	0.000	0.000
1475385.000	0.000	0.720	-0.266	15.000	0.000	0.000
1475385.000	0.000	0.720	-0.266	15.000	0.000	0.000
1475385.000	0.000	0.720	-0.266	15.000	0.000	0.000
1475415.000	0.000	0.700	-0.266	15.000	0.000	0.000
1475415.000	0.000	0.700	-0.266	15.000	0.000	0.000
1475415.000	0.000	0.700	-0.266	15.000	0.000	0.000
1475445.000	0.000	0.690	-0.250	15.000	0.000	0.000
1475445.000	0.000	0.690	-0.250	15.000	0.000	0.000
1475445.000	0.000	0.690	-0.250	15.000	0.000	0.000
1475475.000	0.000	0.670	-0.250	15.000	0.000	0.000
1475475.000	0.000	0.670	-0.250	15.000	0.000	0.000
1475475.000	0.000	0.670	-0.250	15.000	0.000	0.000
1475505.000	0.000	0.660	-0.250	15.000	0.000	0.000
1475505.000	0.000	0.660	-0.250	15.000	0.000	0.000
1475505.000	0.000	0.660	-0.250	15.000	0.000	0.000
1475535.000	0.000	0.640	-0.234	15.000	0.000	0.000
1475535.000	0.000	0.640	-0.234	15.000	0.000	0.000
1475535.000	0.000	0.640	-0.234	15.000	0.000	0.000
1475565.000	0.000	0.620	-0.234	15.000	0.000	0.000
1475565.000	0.000	0.620	-0.234	15.000	0.000	0.000
1475565.000	0.000	0.620	-0.234	15.000	0.000	0.000
1475595.000	0.000	0.600	-0.219	15.000	0.000	0.000
1475595.000	0.000	0.600	-0.219	15.000	0.000	0.000
1475595.000	0.000	0.600	-0.219	15.000	0.000	0.000
1475625.000	0.000	0.580	-0.219	15.000	0.000	0.000
1475625.000	0.000	0.580	-0.219	15.000	0.000	0.000
1475625.000	0.000	0.580	-0.219	15.000	0.000	0.000
1475655.000	0.000	0.560	-0.219	15.000	0.000	0.000
1475655.000	0.000	0.560	-0.219	15.000	0.000	0.000
1475655.000	0.000	0.560	-0.219	15.000	0.000	0.000
1475685.000	0.000	0.540	-0.203	15.000	0.000	0.000
1475685.000	0.000	0.540	-0.203	15.000	0.000	0.000
1475685.000	0.000	0.540	-0.203	15.000	0.000	0.000
1475715.000	0.000	0.520	-0.203	15.000	0.000	0.000
1475715.000	0.000	0.520	-0.203	15.000	0.000	0.000
1475715.000	0.000	0.520	-0.203	15.000	0.000	0.000
1475745.000	0.000	0.500	-0.187	15.000	0.000	0.000
1475745.000	0.000	0.500	-0.187	15.000	0.000	0.000
1475745.000	0.000	0.500	-0.187	15.000	0.000	0.000
1475775.000	0.000	0.470	-0.172	15.000	0.000	0.000
1475775.000	0.000	0.470	-0.172	15.000	0.000	0.000
1475775.000	0.000	0.470	-0.172	15.000	0.000	0.000
1475805.000	0.000	0.450	-0.172	15.000	0.000	0.000
1475805.000	0.000	0.450	-0.172	15.000	0.000	0.000
1475805.000	0.000	0.450	-0.172	15.000	0.000	0.000
1475835.000	0.000	0.420	-0.156	15.000	0.000	0.000
1475835.000	0.000	0.420	-0.156	15.000	0.000	0.000
1475835.000	0.000	0.420	-0.156	15.000	0.000	0.000
1475865.000	0.000	0.400	-0.156	15.000	0.000	0.000
1475865.000	0.000	0.400	-0.156	15.000	0.000	0.000
1475865.000	0.000	0.400	-0.156	15.000	0.000	0.000
1475895.000	0.000	0.370	-0.141	15.000	0.000	0.000
1475895.000	0.000	0.370	-0.141	15.000	0.000	0.000
1475895.000	0.000	0.370	-0.141	15.000	0.000	0.000
1475925.000	0.000	0.350	-0.141	15.000	0.000	0.000
1475925.000	0.000	0.350	-0.141	15.000	0.000	0.000
1475925.000	0.000	0.350	-0.141	15.000	0.000	0.000
1475955.000	0.000	0.320	-0.125	15.000	0.000	0.000
1475955.000	0.000	0.320	-0.125	15.000	0.000	0.000
1475955.000	0.000	0.320	-0.125	15.000	0.000	0.000
1475985.000	0.000	0.290	-0.109	15.000	0.000	0.000
1475985.000	0.000	0.290	-0.109	15.000	0.000	0.000
1475985.000	0.000	0.290	-0.109	15.000	0.000	0.000
1476015.000	0.000	0.270	-0.109	15.000	0.000	0.000
1476015.000	0.000	0.270	-0.109	15.000	0.000	0.000
1476015.000	0.000	0.270	-0.109	15.000	0.000	0.000
1476045.000	0.000	0.240	-0.094	15.000	0.000	0.000
1476045.000	0.000	0.240	-0.094	15.000	0.000	0.000
1476045.000	0.000	0.240	-0.094	15.000	0.000	0.000
1476075.000	0.000	0.220	-0.094	15.000	0.000	0.000
1476075.000	0.000	0.220	-0.094	15.000	0.000	0.000
1476075.000	0.000	0.220	-0.094	15.000	0.000	0.000
1476105.000	0.000	0.190	-0.078	15.000	0.000	0.000
1476105.000	0.000	0.190	-0.078	15.000	0.000	0.000
1476105.000	0.000	0.190	-0.078	15.000	0.000	0.000
1476135.000	0.000	0.170	-0.062	15.000	0.000	0.000
1476135.000	0.000	0.170	-0.062	15.000	0.000	0.000
1476135.000	0.000	0.170	-0.062	15.000	0.000	0.000
1476165.000	0.000	0.140	-0.062	15.000	0.000	0.000
1476165.000	0.000	0.140	-0.062	15.000	0.000	0.000
1476165.000	0.000	0.140	-0.062	15.000	0.000	0.000
1476195.000	0.000	0.120	-0.047	15.000	0.000	0.000
1476195.000	0.000	0.120	-0.047	15.000	0.000	0.000
1476195.000	0.000	0.120	-0.047	15.000	0.000	0.000
1476225.000	0.000	0.090	-0.047	15.000	0.000	0.000
1476225.000	0.000	0.090	-0.047	15.000	0.000	0.000
1476225.000	0.000	0.090	-0.047	15.000	0.000	0.000
1476255.000	0.000	0.070	-0.031	15.000	0.000	0.000
1476255.000	0.000	0.070	-0.031	15.000	0.000	0.000
1476255.000	0.000	0.070	-0.031	15.000	0.000	0.000
1476285.000	0.000	0.050	-0.031	15.000	0.000	0.000
1476285.000	0.000	0.050	-0.031	15.000	0.000	0.000
1476285.000	0.000	0.050	-0.031	15.000	0.000	0.000
1476315.000	0.000	0.020	-0.016	15.000	0.000	0.000
1476315.000	0.000	0.020	-0.016	15.000	0.000	0.000
1476315.000	0.000	0.020	-0.016	15.000	0.000	0.000
1476345.000	0.000	0.000	-0.016	15.000	0.000	0.000
1476345.000	0.000	0.000	-0.016	15.000	0.000	0.000
1476345.000	0.000	0.000	-0.016	15.000	0.000	0.000
1476375.000	0.000	-0.020	0.000	15.000	0.000	0.000
1476375.000	0.000	-0.020	0.000	15.000	0.000	0.000
1476375.000	0.000	-0.020	0.000	15.000	0.000	0.000
1476405.000	0.000	-0.040	0.000	15.000	0.000	0.000
1476405.000	0.000	-0.040	0.000	15.000	0.000	0.000
1476405.000	0.000	-0.040	0.000	15.000	0.000	0.000
1476435.000	0.000	-0.050	0.016	15.000	0.000	0.000
1476435.000	0.000	-0.050	0.016	15.000	0.000	0.000
1476435.000	0.000	-0.050	0.016	15.000	0.000	0.000
1476465.000	0.000	-0.070	0.016	15.000	0.000	0.000
1476465.000	0.000	-0.070	0.016	15.000	0.000	0.000
1476465.000	0.000	-0.070	0.016	15.000	0.000	0.000
1476495.000	0.000	-0.090	0.016	15.000	0.000	0.000
1476495.000	0.000	-0.090	0.016	15.000	0.000	0.000
1476495.000	0.000	-0.090	0.016	15.000	0.000	0.000
1476525.000	0.000	-0.100	0.031	15.000	0.000	0.000
1476525.000	0.000	-0.100	0.031	15.000	0.000	0.000
1476525.000	0.000	-0.100	0.031	15.000	0.000	0.000
1476555.000	0.000	-0.110	0.031	15.000	0.000	0.000
1476555.000	0.000	-0.110	0.031	15.000	0.000	0.000
1476555.000	0.000	-0.110	0.031	15.000	0.000	0.000
1476585.000	0.000	-0.120	0.031	15.000	0.000	0.000
1476585.000	0.000	-0.120	0.031	15.000	0.000	0.000
1476585.000	0.000	-0.120	0.031	15.000	0.000	0.000
1476615.000	0.000	-0.130	0.031	15.000	0.000	0.000
1476615.000	0.000	-0.130	0.031	15.000	0.000	0.000
1476615.000	0.000	-0.130	0.031	15.000	0.000	0.000
1476645.000	0.000	-0.140	0.047	15.000	0.000	0.000
1476645.000	0.000	-0.140	0.047	15.000	0.000	0.000
1476645.000	0.000	-0.140	0.047	15.000	0.000	0.000
1476675.000	0.000	-0.150	0.047	15.000	0.000	0.000
1476675.000	0.000	-0.150	0.047	15.000	0.000	0.000
1476675.000	0.000	-0.150	0.047	15.000	0.000	0.000
1476705.000	0.000	-0.150	0.047	15.000	0.000	0.000
1476705.000	0.000	-0.150	0.047	15.000	0.000	0.000
1476705.000	0.000	-0.150	0.047	15.000	0.000	0.000
1476735.000	0.000	-0.160	0.047	15.000	0.000	0.000
1476735.000	0.000	-0.160	0.047	15.000	0.000	0.000
1476735.000	0.000	-0.160	0.047	15.000	0.000	0.000
1476765.000	0.000	-0.160	0.047	15.000	0.000	0.000
1476765.000	0.000	-0.160	0.047	15.000	0.000	0.000
1476765.000	0.000	-0.160	0.047	15.000	0.000	0.000
1476795.000	0.000	-0.160	0.047	15.000	0.000	0.000
1476795.000	0.000	-0.160	0.047	15.000	0.000	0.000
1476795.000	0.000	-0.160	0.047	15.000	0.000	0.000
1476825.000	0.000	-0.160	0.047	15.000	0.000	0.000
1476825.000	0.000	-0.160	0.047	15.000	0.000	0.000
1476825.000	0.000	-0.160	0.047	15.000	0.000	0.000
1476855.000	0.000	-0.150	0.047	15.000	0.000	0.000
1476855.000	0.000	-0.150	0.047	15.000	0.000	0.000
1476855.000	0.000	-0.150	0.047	15.000	0.000	0.000
1476890.000	0.000	-0.150	0.047	15.000	0.000	0.000
1476890.000	0.000	-0.150	0.047	15.000	0.000	0.000
1476890.000	0.000	-0.150	0.047	15.000	0.000	0.000
1476915.000	0.000	-0.150	0.047	15.000	0.000	0.000
1476915.000	0.000	-0.150	0.047	15.000	0.000	0.000
1476915.000	0.000	-0.150	0.047	15.000	0.000	0.000
1476945.000	0.000	-0.150	0.047	15.000	0.000	0.000
1476945.000	0.000	-0.150	0.047	15.000	0.000	0.000
1476945.000	0.000	-0.150	0.047	15.000	0.000	0.000
1476975.000	0.000	-0.140	0.047	15.000	0.000	0.000
1476975.000	0.000	-0.140	0.047	15.000	0.000	0.000
1476975.000	0.000	-0.140	0.047	15.000	0.000	0.000
1477005.000	0.000	-0.140	0.047	15.000	0.000	0.000
1477005.000	0.000	-0.140	0.047	15.000	0.000	0.000
1477005.000	0.000	-0.140	0.047	15.000	0.000	0.000
1477035.000	0.000	-0.130	0.031	15.000	0.000	0.000
1477035.000	0.000	-0.130	0.031	15.000	0.000	0.000
1477035.000	0.000	-0.130	0.031	15.000	0.000	0.000
1477065.000	0.000	-0.130	0.031	15.000	0.000	0.000
1477065.000	0.000	-0.130	0.031	15.000	0.000	0.000
1477065.000	0.000	-0.130	0.031	15.000	0.000	0.000
1477095.000	0.000	-0.120	0.031	15.000	0.000	0.000
1477095.000	0.000	-0.120	0.031	15.000	0.000	0.000
1477095.000	0.000	-0.120	0.031	15.000	0.000	0.000
1477125.000	0.000	-0.120	0.031	15.000	0.000	0.000
1477125.000	0.000	-0.120	0.031	15.000	0.000	0.000
1477125.000	0.000	-0.120	0.031	15.000	0.000	0.000
1477155.000	0.000	-0.120	0.031	15.000	0.000	0.000
1477155.000	0.000	-0.120	0.031	15.000	0.000	0.000
1477155.000	0.000	-0.120	0.031	15.000	0.000	0.000
1477185.000	0.000	-0.110	0.031	15.000	0.000	0.000
1477185.000	0.000	-0.110	0.031	15.000	0.000	0.000
1477185.000	0.000	-0.110	0.031	15.000	0.000	0.000
1477215.000	0.000	-0.110	0.031	15.000	0.000	0.000
1477215.000	0.000	-0.110	0.031	15.000	0.000	0.000
1477215.000	0.000	-0.110	0.031	15.000	0.000	0.000
1477245.000	0.000	-0.100	0.031	15.000	0.000	0.000
1477245.000	0.000	-0.100	0.031	15.000	0.000	0.000
1477245.000	0.000	-0.100	0.031	15.000	0.000	0.000
1477275.000	0.000	-0.100	0.031	15.000	0.000	0.000
1477275.000	0.000	-0.100	0.031	15.000	0.000	0.000
1477275.000	0.000	-0.100	0.031	15.000	0.000	0.000
1477305.000	0.000	-0.090	0.031	15.000	0.000	0.000
1477305.000	0.000	-0.090	0.031	15.000	0.000	0.000
1477305.000	0.000	-0.090	0.031	15.000	0.000	0.000
1477335.000	0.000	-0.090	0.016	15.000	0.000	0.000
1477335.000	0.000	-0.090	0.016	15.000	0.000	0.000
1477335.000	0.000	-0.090	0.016	15.000	0.000	0.000
1477365.000	0.000	-0.090	0.016	15.000	0.000	0.000
1477365.000	0.000	-0.090	0.016	15.000	0.000	0.000
1477365.000	0.000	-0.090	0.016	15.000	0.000	0.000
1477395.000	0.000	-0.080	0.016	15.000	0.000	0.000
1477395.000	0.000	-0.080	0.016	15.000	0.000	0.000
1477395.000	0.000	-0.080	0.016	15.000	0.000	0.000
1477425.000	0.000	-0.080	0.016	15.000	0.000	0.000
1477425.000	0.000	-0.080	0.016	15.000	0.000	0.000
1477425.000	0.000	-0.080	0.016	15.000	0.000	0.000
1477455.000	0.000	-0.080	0.016	15.000	0.000	0.000
1477455.000	0.000	-0.080	0.016	15.000	0.000	0.000
1477455.000	0.000	-0.080	0.016	15.000	0.000	0.000
1477485.000	0.000	-0.070	0.016	15.000	0.000	0.000
1477485.000	0.000	-0.070	0.016	15.000	0.000	0.000
1477485.000	0.000	-0.070	0.016	15.000	0.000	0.000
1477515.000	0.000	-0.070	0.016	15.000	0.000	0.000
1477515.000	0.000	-0.070	0.016	15.000	0.000	0.000
1477515.000	0.000	-0.070	0.016	15.000	0.000	0.000
1477545.000	0.000	-0.070	0.016	15.000	0.000	0.000
1477545.000	0.000	-0.070	0.016	15.000	0.000	0.000
1477545.000	0.000	-0.070	0.016	15.000	0.000	0.000
1477575.000	0.000	-0.060	0.016	15.000	0.000	0.000
1477575.000	0.000	-0.060	0.016	15.000	0.000	0.000
1477575.000	0.000	-0.060	0.016	15.000	0.000	0.000
1477605.000	0.000	-0.060	0.016	15.000	0.000	0.000
1477605.000	0.000	-0.060	0.016	15.000	0.000	0.000
1477605.000	0.000	-0.060	0.016	15.000	0.000	0.000
1477635.000	0.000	-0.060	0.016	15.000	0.000	0.000
1477635.000	0.000	-0.060	0.016	15.000	0.000	0.000
1477635.000	0.000	-0.060	0.016	15.000	0.000	0.000
1477665.000	0.000	-0.060	0.016	15.000	0.000	0.000
1477665.000	0.000	-0.060	0.016	15.000	0.000	0.000
1477665.000	0.000	-0.060	0.016	15.000	0.000	0.000
1477695.000	0.000	-0.050	0.016	15.000	0.000	0.000
1477695.000	0.000	-0.050	0.016	15.000	0.000	0.000
1477695.000	0.000	-0.050	0.016	15.000	0.000	0.000
1477725.000	0.000	-0.050	0.016	15.000	0.000	0.000
1477725.000	0.000	-0.050	0.016	15.000	0.000	0.000
1477725.000	0.000	-0.050	0.016	15.000	0.000	0.000
1477755.000	0.000	-0.050	0.000	15.000	0.000	0.000
1477755.000	0.000	-0.050	0.000	15.000	0.000	0.000
1477755.000	0.000	-0.050	0.000	15.000	0.000	0.000
1477785.000	0.000	-0.050	0.000	15.000	0.000	0.000
1477785.000	0.000	-0.050	0.000	15.000	0.000	0.000
1477785.000	0.000	-0.050	0.000	15.000	0.000	0.000
1477815.000	0.000	-0.040	0.000	15.000	0.000	0.000
1477815.000	0.000	-0.040	0.000	15.000	0.000	0.000
1477815.000	0.000	-0.040	0.000	15.000	0.000	0.000
1477845.000	0.000	-0.040	0.000	15.000	0.000	0.000
1477845.000	0.000	-0.040	0.000	15.000	0.000	0.000
1477845.000	0.000	-0.040	0.000	15.000	0.000	0.000
1477875.000	0.000	-0.040	0.000	15.000	0.000	0.000
1477875.000	0.000	-0.040	0.000	15.000	0.000	0.000
1477875.000	0.000	-0.040	0.000	15.000	0.000	0.000
1477905.000	0.000	-0.030	0.000	15.000	0.000	0.000
1477905.000	0.000	-0.030	0.000	15.000	0.000	0.000
1477905.000	0.000	-0.030	0.000	15.000	0.000	0.000
1477935.000	0.000	-0.030	0.000	15.000	0.000	0.000
1477935.000	0.000	-0.030	0.000	15.000	0.000	0.000
1477935.000	0.000	-0.030	0.000	15.000	0.000	0.000
1477965.000	0.000	-0.030	0.000	15.000	0.000	0.000
1477965.000	0.000	-0.030	0.000	15.000	0.000	0.000
1477965.000	0.000	-0.030	0.000	15.000	0.000	0.000
1477995.000	0.000	-0.030	0.000	15.000	0.000	0.000
1477995.000	0.000	-0.030	0.000	15.000	0.000	0.000
1477995.000	0.000	-0.030	0.000	15.000	0.000	0.000
1478025.000	0.000	-0.020	0.000	15.000	0.000	0.000
1478025.000	0.000	-0.020	0.000	15.000	0.000	0.000
1478025.000	0.000	-0.020	0.000	15.000	0.000	0.000
1478055.000	0.000	-0.020	0.000	15.000	0.000	0.000
1478055.000	0.000	-0.020	0.000	15.000	0.000	0.000
1478055.000	0.000	-0.020	0.000	15.000	0.000	0.000
1478085.000	0.000	-0.020	0.000	15.000	0.000	0.000
1478085.000	0.000	-0.020	0.000	15.000	0.000	0.000
1478085.000	0.000	-0.020	0.000	15.000	0.000	0.000
1478115.000	0.000	-0.020	0.000	15.000	0.000	0.000
1478115.000	0.000	-0.020	0.000	15.000	0.000	0.000
1478115.000	0.000	-0.020	0.000	15.000	0.000	0.000
1478145.000	0.000	-0.020	0.000	15.000	0.000	0.000
1478145.000	0.000	-0.020	0.000	15.000	0.000	0.000
1478145.000	0.000	-0.020	0.000	15.000	0.000	0.000
1478175.000	0.000	-0.010	0.000	15.000	0.000	0.000
1478175.000	0.000	-0.010	0.000	15.000	0.000	0.000
1478175.000	0.000	-0.010	0.000	15.000	0.000	0.000
1478205.000	0.000	-0.010	0.000	15.000	0.000	0.000
1478205.000	0.000	-0.010	0.000	15.000	0.000	0.000
1478205.000	0.000	-0.010	0.000	15.000	0.000	0.000
1478235.000	0.000	-0.010	0.000	15.000	0.000	0.000
1478235.000	0.000	-0.010	0.000	15.000	0.000	0.000
1478235.000	0.000	-0.010	0.000	15.000	0.000	0.000
1478265.000	0.000	-0.010	0.000	15.000	0.000	0.000
1478265.000	0.000	-0.010	0.000	15.000	0.000	0.000
1478265.000	0.000	-0.010	0.000	15.000	0.000	0.000
1478295.000	0.000	-0.010	0.000	15.000	0.000	0.000
1478295.000	0.000	-0.010	0.000	15.000	0.000	0.000
1478295.000	0.000	-0.010	0.000	15.000	0.000	0.000
1478325.000	0.000	0.000	-0.016	15.000	0.000	0.000
1478325.000	0.000	0.000	-0.016	15.000	0.000	0.000
1478325.000	0.000	0.000	-0.016	15.000	0.000	0.000
1478355.000	0.000	0.000	-0.016	15.000	0.000	0.000
1478355.000	0.000	0.000	-0.016	15.000	0.000	0.000
1478355.000	0.000	0.000	-0.016	15.000	0.000	0.000
1478385.000	0.000	0.000	-0.016	15.000	0.000	0.000
1478385.000	0.000	0.000	-0.016	15.000	0.000	0.000
1478385.000	0.000	0.000	-0.016	15.000	0.000	0.000
1478415.000	0.000	0.000	-0.016	15.000	0.000	0.000
1478415.000	0.000	0.000	-0.016	15.000	0.000	0.000
1478415.000	0.000	0.000	-0.016	15.000	0.000	0.000
1478445.000	0.000	0.000	-0.016	15.000	0.000	0.000
1478445.000	0.000	0.000	-0.016	15.000	0.000	0.000
1478445.000	0.000	0.000	-0.016	15.000	0.000	0.000
1478475.000	0.000	0.000	-0.016	15.000	0.000	0.000
1478475.000	0.000	0.000	-0.016	15.000	0.000	0.000
1478475.000	0.000	0.000	-0.016	15.000	0.000	0.000
1478505.000	0.000	0.000	-0.016	15.000	0.000	0.000
1478505.000	0.000	0.000	-0.016	15.000	0.000	0.000
1478505.000	0.000	0.000	-0.016	15.000	0.000	0.000
1478535.000	0.000	0.000	-0.016	15.000	0.000	0.000
1478535.000	0.000	0.000	-0.016	15.000	0.000	0.000
1478535.000	0.000	0.000	-0.016	15.000	0.000	0.000
1478565.000	0.000	0.000	-0.016	15.000	0.000	0.000
1478565.000	0.000	0.000	-0.016	15.000	0.000	0.000
1478565.000	0.000	0.000	-0.016	15.000	0.000	0.000
1478595.000	0.000	0.000	-0.016	15.000	0.000	0.000
1478595.000	0.000	0.000	-0.016	15.000	0.000	0.000
1478595.000	0.000	0.000	-0.016	15.000	0.000	0.000
1478625.000	0.000	0.000	-0.016	15.000	0.000	0.000
1478625.000	0.000	0.000	-0.016	15.000	0.000	0.000
1478625.000	0.000	0.000	-0.016	15.000	0.000	0.000
1478655.000	0.000	0.000	-0.016	15.000	0.000	0.000
1478655.000	0.000	0.000	-0.016	15.000	0.000	0.000
1478655.000	0.000	0.000	-0.016	15.000	0.000	0.000
1478685.000	0.000	0.000	-0.016	15.000	0.000	0.000
1478685.000	0.000	0.000	-0.016	15.000	0.000	0.000
1478685.000	0.000	0.000	-0.016	15.000	0.000	0.000
1478715.000	0.000	0.000	-0.016	15.000	0.000	0.000
1478715.000	0.000	0.000	-0.016	15.000	0.000	0.000
1478715.000	0.000	0.000	-0.016	15.000	0.000	0.000
1478745.000	0.000	0.000	-0.016	15.000	0.000	0.000
1478745.000	0.000	0.000	-0.016	15.000	0.000	0.000
1478745.000	0.000	0.000	-0.016	15.000	0.000	0.000
1478775.000	0.000	0.000	-0.016	15.000	0.000	0.000
1478775.000	0.000	0.000	-0.016	15.000	0.000	0.000
1478775.000	0.000	0.000	-0.016	15.000	0.000	0.000
1478805.000	0.000	0.000	-0.016	15.000	0.000	0.000
1478805.000	0.000	0.000	-0.016	15.000	0.000	0.000
1478805.000	0.000	0.000	-0.016	15.000	0.000	0.000
1478835.000	0.000	0.000	-0.016	15.000	0.000	0.000
1478835.000	0.000	0.000	-0.016	15.000	0.000	0.000
1478835.000	0.000	0.000	-0.016	15.000	0.000	0.000
1478865.000	0.000	0.000	-0.016	15.000	0.000	0.000
1478865.000	0.000	0.000	-0.016	15.000	0.000	0.000
1478865.000	0.000	0.000	-0.016	15.000	0.000	0.000
1478895.000	0.000	0.000	-0.016	15.000	0.000	0.000
1478895.000	0.000	0.000	-0.016	15.000	0.000	0.000
1478895.000	0.000	0.000	-0.016	15.000	0.000	0.000
1478925.000	0.000	0.000	-0.016	15.000	0.000	0.000
1478925.000	0.000	0.000	-0.016	15.000	0.000	0.000
1478925.000	0.000	0.000	-0.016	15.000	0.000	0.000
1478955.000	0.000	0.000	-0.016	15.000	0.000	0.000
1478955.000	0.000	0.000	-0.016	15.000	0.000	0.000
1478955.000	0.000	0.000	-0.016	15.000	0.000	0.000
1478985.000	0.000	0.000	-0.016	15.000	0.000	0.000
1478985.000	0.000	0.000	-0.016	15.000	0.000	0.000
1478985.000	0.000	0.000	-0.016	15.000	0.000	0.000
1479015.000	0.000	0.000	-0.016	15.000	0.000	0.000
1479015.000	0.000	0.000	-0.016	15.000	0.000	0.000
1479015.000	0.000	0.000	-0.016	15.000	0.000	0.000
1479045.000	0.000	0.000	-0.016	15.000	0.000	0.000
1479045.000	0.000	0.000	-0.016	15.000	0.000	0.000
1479045.000	0.000	0.000	-0.016	15.000	0.000	0.000
1479075.000	0.000	0.000	-0.016	15.000	0.000	0.000
1479075.000	0.000	0.000	-0.016	15.000	0.000	0.000
1479075.000	0.000	0.000	-0.016	15.000	0.000	0.000
1479105.000	0.000	0.000	-0.016	15.000	0.000	0.000
1479105.000	0.000	0.000	-0.016	15.000	0.000	0.000
1479105.000	0.000	0.000	-0.016	15.000	0.000	0.000
1479135.000	0.000	0.000	-0.016	15.000	0.000	0.000
1479135.000	0.000	0.000	-0.016	15.000	0.000	0.000
1479135.000	0.000	0.000	-0.016	15.000	0.000	0.000
1479165.000	0.000	0.000	-0.016	15.000	0.000	0.000
1479165.000	0.000	0.000	-0.016	15.000	0.000	0.000
1479165.000	0.000	0.000	-0.016	15.000	0.000	0.000
1479195.000	0.000	0.000	-0.016	15.000	0.000	0.000
1479195.000	0.000	0.000	-0.016	15.000	0.000	0.000
1479195.000	0.000	0.000	-0.016	15.000	0.000	0.000
1479225.000	0.000	0.000	-0.016	15.000	0.000	0.000
1479225.000	0.000	0.000	-0.016	15.000	0.000	0.000
1479225.000	0.000	0.000	-0.016	15.000	0.000	0.000
1479255.000	0.000	0.000	-0.016	15.000	0.000	0.000
1479255.000	0.000	0.000	-0.016	15.000	0.000	0.000
1479255.000	0.000	0.000	-0.016	15.000	0.000	0.000
1479285.000	0.000	0.000	-0.016	15.000	0.000	0.000
1479285.000	0.000	0.000	-0.016	15.000	0.000	0.000
1479285.000	0.000	0.000	-0.016	15.000	0.000	0.000
1479315.000	0.000	0.000	-0.016	15.000	0.000	0.000
1479315.000	0.000	0.000	-0.016	15.000	0.000	0.000
1479315.000	0.000	0.000	-0.016	15.000	0.000	0.000
1479345.000	0.000	0.000	-0.016	15.000	0.000	0.000
1479345.000	0.000	0.000	-0.016	15.000	0.000	0.000
1479345.000	0.000	0.000	-0.016	15.000	0.000	0.000
1479375.000	0.000	0.000	-0.016	15.000	0.000	0.000
1479375.000	0.000	0.000	-0.016	15.000	0.000	0.000
1479375.000	0.000	0.000	-0.016	15.000	0.000	0.000
1479405.000	0.000	0.000	-0.016	15.000	0.000	0.000
1479405.000	0.000	0.000	-0.016	15.000	0.000	0.000
1479405.000	0.000	0.000	-0.016	15.000	0.000	0.000
1479435.000	0.000	0.000	-0.016	15.000	0.000	0.000
1479435.000	0.000	0.000	-0.016	15.000	0.000	0.000
1479435.000	0.000	0.000	-0.016	15.000	0.000	0.000
1479465.000	0.000	0.000	-0.016	15.000	0.000	0.000
1479465.000	0.000	0.000	-0.016	15.000	0.000	0.000
1479465.000	0.000	0.000	-0.016	15.000	0.000	0.000
1479495.000	0.000	0.000	-0.016	15.000	0.000	0.000
1479495.000	0.000	0.000	-0.016	15.000	0.000	0.000
1479495.000	0.000	0.000	-0.016	15.000	0.000	0.000
1479525.000	0.000	0.000	-0.016	15.000	0.000	0.000
1479525.000	0.000	0.000	-0.016	15.000	0.000	0.000
1479525.000	0.000	0.000	-0.016	15.000	0.000	0.000
1479555.000	0.000	0.000	-0.016	15.000	0.000	0.000
1479555.000	0.000	0.000	-0.016	15.000	0.000	0.000
1479555.000	0.000	0.000	-0.016	15.000	0.000	0.000
1479585.000	0.000	0.000	-0.016	15.000	0.000	0.000
1479585.000	0.000	0.000	-0.016	15.000	0.000	0.000
1479585.000	0.000	0.000	-0.016	15.000	0.000	0.000
1479615.000	0.000	0.000	-0.016	15.000	0.000	0.000
1479615.000	0.000	0.000	-0.016	15.000	0.000	0.000
1479615.000	0.000	0.000	-0.016	15.000	0.000	0.000
1479645.000	0.000	0.000	-0.016	15.000	0.000	0.000
1479645.000	0.000	0.000	-0.016	15.000	0.000	0.000
1479645.000	0.000	0.000	-0.016	15.000	0.000	0.000
1479675.000	0.000	0.000	-0.016	15.000	0.000	0.000
1479675.000	0.000	0.000	-0.016	15.000	0.000	0.000
1479675.000	0.000	0.000	-0.016	15.000	0.000	0.000
1479705.000	0.000	0.000	-0.016	15.000	0.000	0.000
1479705.000	0.000	0.000	-0.016	15.000	0.000	0.000
1479705.000	0.000	0.000	-0.016	15.000	0.000	0.000
1479735.000	0.000	0.000	-0.016	15.000	0.000	0.000
1479735.000	0.000	0.000	-0.016	15.000	0.000	0.000
1479735.000	0.000	0.000	-0.016	15.000	0.000	0.000
1479765.000	0.000	0.000	-0.016	15.000	0.000	0.000
1479765.000	0.000	0.000	-0.016	15.000	0.000	0.000
1479765.000	0.000	0.000	-0.016	15.000	0.000	0.000
1479795.000	0.000	0.000	-0.016	15.000	0.000	0.000
1479795.000	0.000	0.000	-0.016	15.000	0.000	0.000
1479795.000	0.000	0.000	-0.016	15.000	0.000	0.000
1479825.000	0.000	0.000	-0.016	15.000	0.000	0.000
1479825.000	0.000	0.000	-0.016	15.000	0.000	0.000
1479825.000	0.000	0.000	-0.016	15.000	0.000	0.000
1479855.000	0.000	0.000	-0.016	15.000	0.000	0.000
1479855.000	0.000	0.000	-0.016	15.000	0.000	0.000
1479855.000	0.000	0.000	-0.016	15.000	0.000	0.000
1479885.000	0.000	0.000	-0.016	15.000	0.000	0.000
1479885.000	0.000	0.000	-0.016	15.000	0.000	0.000
1479885.000	0.000	0.000	-0.016	15.000	0.000	0.000
1479915.000	0.000	0.000	-0.016	15.000	0.000	0.000
1479915.000	0.000	0.000	-0.016	15.000	0.000	0.000
1479915.000	0.000	0.000	-0.016	15.000	0.000	0.000
1479945.000	0.000	0.000	-0.016	15.000	0.000	0.000
1479945.000	0.000	0.000	-0.016	15.000	0.000	0.000
1479945.000	0.000	0.000	-0.016	15.000	0.000	0.000
1479975.000	0.000	0.000	-0.016	15.000	0.000	0.000
1479975.000	0.000	0.000	-0.016	15.000	0.000	0.000
1479975.000	0.000	0.000	-0.016	15.000	0.000	0.000
1480005.000	0.000	0.000	-0.016	15.000	0.000	0.000
1480005.000	0.000	0.000	-0.016	15.000	0.000	0.000
1480005.000	0.000	0.000	-0.016	15.000	0.000	0.000
1480035.000	0.000	0.000	-0.016	15.000	0.000	0.000
1480035.000	0.000	0.000	-0.016	15.000	0.000	0.000
1480035.000	0.000	0.000	-0.016	15.000	0.000	0.000
1480065.000	0.000	0.000	-0.016	15.000	0.000	0.000
1480065.000	0.000	0.000	-0.016	15.000	0.000	0.000
1480065.000	0.000	0.000	-0.016	15.000	0.000	0.000
1480095.000	0.000	0.000	-0.016	15.000	0.000	0.000
1480095.000	0.000	0.000	-0.016	15.000	0.000	0.000
1480095.000	0.000	0.000	-0.016	15.000	0.000	0.000
1480125.000	0.000	0.000	-0.016	15.000	0.000	0.000
1480125.000	0.000	0.000	-0.016	15.000	0.000	0.000
1480125.000	0.000	0.000	-0.016	15.000	0.000	0.000
1480155.000	0.000	0.000	-0.016	15.000	0.000	0.000
1480155.000	0.000	0.000	-0.016	15.000	0.000	0.000
1480155.000	0.000	0.000	-0.016	15.000	0.000	0.000
1480185.000	0.000	0.000	-0.016	15.000	0.000	0.000
1480185.000	0.000	0.000	-0.016	15.000	0.000	0.000
1480185.000	0.000	0.000	-0.016	15.000	0.000	0.000
1480215.000	0.000	0.000	-0.016	15.000	0.000	0.000
1480215.000	0.000	0.000	-0.016	15.000	0.000	0.000
1480215.000	0.000	0.000	-0.016	15.000	0.000	0.000
1480245.000	0.000	0.000	-0.016	15.000	0.000	0.000
1480245.000	0.000	0.000	-0.016	15.000	0.000	0.000
1480245.000	0.000	0.000	-0.016	15.000	0.000	0.000
1480275.000	0.000	0.000	-0.016	15.000	0.000	0.000
1480275.000	0.000	0.000	-0.016	15.000	0.000	0.000
1480275.000	0.000	0.000	-0.016	15.000	0.000	0.000
1480305.000	0.000	0.000	-0.016	15.000	0.000	0.000
1480305.000	0.000	0.000	-0.016	15.000	0.000	0.000
1480305.000	0.000	0.000	-0.016	15.000	0.000	0.000
1480335.000	0.000	0.000	-0.016	15.000	0.000	0.000
1480335.000	0.000	0.000	-0.016	15.000	0.000	0.000
1480335.000	0.000	0.000	-0.016	15.000	0.000	0.000
1480365.000	0.000	0.000	-0.016	15.000	0.000	0.000
1480365.000	0.000	0.000	-0.016	15.000	0.000	0.000
1480365.000	0.000	0.000	-0.016	15.000	0.000	0.000
1480395.000	0.000	0.000	-0.016	15.000	0.000	0.000
1480395.000	0.000	0.000	-0.016	15.000	0.000	0.000
1480395.000	0.000	0.000	-0.016	15.000	0.000	0.000
1480425.000	0.000	0.000	-0.016	15.000	0.000	0.000
1480425.000	0.000	0.000	-0.016	15.000	0.000	0.000
1480425.000	0.000	0.000	-0.016	15.000	0.000	0.000
1480455.000	0.000	0.000	-0.016	15.000	0.000	0.000
1480455.000	0.000	0.000	-0.016	15.000	0.000	0.000
1480455.000	0.000	0.000	-0.016	15.000	0.000	0.000
1480485.000	0.000	0.000	-0.016	15.000	0.000	0.000
1480485.000	0.000	0.000	-0.016	15.000	0.000	0.000
1480485.000	0.000	0.000	-0.016	15.000	0.000	0.000
1480515.000	0.000	0.000	-0.016	15.000	0.000	0.000
1480515.000	0.000	0.000	-0.016	15.000	0.000	0.000
1480515.000	0.000	0.000	-0.016	15.000	0.000	0.000
1480545.000	0.000	0.000	-0.016	15.000	0.000	0.000
1480545.000	0.000	0.000	-0.016	15.000	0.000	0.000
1480545.000	0.000	0.000	-0.016	15.000	0.000	0.000
1480575.000	0.000	0.000	-0.016	15.000	0.000	0.000
1480575.000	0.000	0.000	-0.016	15.000	0.000	0.000
1480575.000	0.000	0.000	-0.016	15.000	0.000	0.000
1480605.000	0.000	0.000	-0.016	15.000	0.000	0.000
1480605.000	0.000	0.000	-0.016	15.000	0.000	0.000
1480605.000	0.000	0.000	-0.016	15.000	0.000	0.000
1480635.000	0.000	0.000	-0.016	15.000	0.000	0.000
1480635.000	0.000	0.000	-0.016	15.000	0.000	0.000
1480635.000	0.000	0.000	-0.016	15.000	0.000	0.000
1480665.000	0.000	0.000	-0.016	15.000	0.000	0.000
1480665.000	0.000	0.000	-0.016	15.000	0.000	0.000
1480665.000	0.000	0.000	-0.016	15.000	0.000	0.000
1480695.000	0.000	0.000	-0.016	15.000	0.000	0.000
1480695.000	0.000	0.000	-0.016	15.000	0.000	0.000
1480695.000	0.000	0.000	-0.016	15.000	0.000	0.000
1480725.000	0.000	0.000	-0.016	15.000	0.000	0.000
1480725.000	0.000	0.000	-0.016	15.000	0.000	0.000
1480725.000	0.000	0.000	-0.016	15.000	0.000	0.000
1480755.000	0.000	0.000	-0.016	15.000	0.000	0.000
1480755.000	0.000	0.000	-0.016	15.000	0.000	0.000
1480755.000	0.000	0.000	-0.016	15.000	0.000	0.000
1480785.000	0.000	0.000	-0.016	15.000	0.000	0.000
1480785.000	0.000	0.000	-0.016	15.000	0.000	0.000
1480785.000	0.000	0.000	-0.016	15.000	0.000	0.000
1480815.000	0.000	0.000	-0.016	15.000	0.000	0.000
1480815.000	0.000	0.000	-0.016	15.000	0.000	0.000
1480815.000	0.000	0.000	-0.016	15.000	0.000	0.000
1480845.000	0.000	0.000	-0.016	15.000	0.000	0.000
1480845.000	0.000	0.000	-0.016	15.000	0.000	0.000
1480845.000	0.000	0.000	-0.016	15.000	0.000	0.000
1480875.000	0.000	0.000	-0.016	15.000	0.000	0.000
1480875.000	0.000	0.000	-0.016	15.000	0.000	0.000
1480875.000	0.000	0.000	-0.016	15.000	0.000	0.000
1480905.000	0.000	0.000	-0.016	15.000	0.000	0.000
1480905.000	0.000	0.000	-0.016	15.000	0.000	0.000
1480905.000	0.000	0.000	-0.016	15.000	0.000	0.000
1480935.000	0.000	0.000	-0.016	15.000	0.000	0.000
1480935.000	0.000	0.000	-0.016	15.000	0.000	0.000
1480935.000	0.000	0.000	-0.016	15.000	0.000	0.000
1480965.000	0.000	0.000	-0.016	15.000	0.000	0.000
1480965.000	0.000	0.000	-0.016	15.000	0.000	0.000
1480965.000	0.000	0.000	-0.016	15.000	0.000	0.000
1480995.000	0.000	0.000	-0.016	15.000	0.000	0.000
1480995.000	0.000	0.000	-0.016	15.000	0.000	0.000
1480995.000	0.000	0.000	-0.016	15.000	0.000	0.000
1481025.000	0.000	0.000	-0.016	15.000	0.000	0.000
1481025.000	0.000	0.000	-0.016	15.000	0.000	0.000
1481025.000	0.000	0.000	-0.016	15.000	0.000	0.000
1481055.000	0.000	0.000	-0.016	15.000	0.000	0.000
1481055.000	0.000	0.000	-0.016	15.000	0.000	0.000
1481055.000	0.000	0.000	-0.016	15.000	0.000	0.000
1481085.000	0.000	0.000	-0.016	15.000	0.000	0.000
1481085.000	0.000	0.000	-0.016	15.000	0.000	0.000
1481085.000	0.000	0.000	-0.016	15.000	0.000	0.000
1481115.000	0.000	0.000	-0.016	15.000	0.000	0.000
1481115.000	0.000	0.000	-0.016	15.000	0.000	0.000
1481115.000	0.000	0.000	-0.016	15.000	0.000	0.000
1481145.000	0.000	0.000	-0.016	15.000	0.000	0.000
1481145.000	0.000	0.000	-0.016	15.000	0.000	0.000
1481145.000	0.000	0.000	-0.016	15.000	0.000	0.000
1481175.000	0.000	0.000	-0.016	15.000	0.000	0.000
1481175.000	0.000	0.000	-0.016	15.000	0.000	0.000
1481175.000	0.000	0.000	-0.016	15.000	0.000	0.000
1481205.000	0.000	0.000	-0.016	15.000	0.000	0.000
1481205.000	0.000	0.000	-0.016	15.000	0.000	0.000
1481205.000	0.000	0.000	-0.016	15.000	0.000	0.000
1481235.000	0.000	0.000	-0.016	15.000	0.000	0.000
1481235.000	0.000	0.000	-0.016	15.000	0.000	0.000
1481235.000	0.000	0.000	-0.016	15.000	0.000	0.000
1481265.000	0.000	0.000	-0.016	15.000	0.000	0.000
1481265.000	0.000	0.000	-0.016	15.000	0.000	0.000
1481265.000	0.000	0.000	-0.016	15.000	0.000	0.000
1481295.000	0.000	0.000	-0.016	15.000	0.000	0.000
1481295.000	0.000	0.000	-0.016	15.000	0.000	0.000
1481295.000	0.000	0.000	-0.016	15.000	0.000	0.000
1481325.000	0.000	0.000	-0.016	15.000	0.000	0.000
1481325.000	0.000	0.000	-0.016	15.000	0.000	0.000
1481325.000	0.000	0.000	-0.016	15.000	0.000	0.000
1481355.000	0.000	0.000	-0.016	15.000	0.000	0.000
1481355.000	0.000	0.000	-0.016	15.000	0.000	0.000
1481355.000	0.000	0.000	-0.016	15.000	0.000	0.000
1481385.000	0.000	0.000	-0.016	15.000	0.000	0.000
1481385.000	0.000	0.000	-0.016	15.000	0.000	0.000
1481385.000	0.000	0.000	-0.016	15.000	0.000	0.000
1481415.000	0.000	0.000	-0.016	15.000	0.000	0.000
1481415.000	0.000	0.000	-0.016	15.000	0.000	0.000
1481415.000	0.000	0.000	-0.016	15.000	0.000	0.000
1481445.000	0.000	0.000	-0.016	15.000	0.000	0.000
1481445.000	0.000	0.000	-0.016	15.000	0.000	0.000
1481445.000	0.000	0.000	-0.016	15.000	0.000	0.000
1481475.000	0.000	0.000	-0.016	15.000	0.000	0.000
1481475.000	0.000	0.000	-0.016	15.000	0.000	0.000
1481475.000	0.000	0.000	-0.016	15.000	0.000	0.000
1481505.000	0.000	0.000	-0.016	15.000	0.000	0.000
1481505.000	0.000	0.000	-0.016	15.000	0.000	0.000
1481505.000	0.000	0.000	-0.016	15.000	0.000	0.000
1481535.000	0.000	0.000	-0.016	15.000	0.000	0.000
1481535.000	0.000	0.000	-0.016	15.000	0.000	0.000
1481535.000	0.000	0.000	-0.016	15.000	0.000	0.000
1481565.000	0.000	0.000	-0.016	15.000	0.000	0.000
1481565.000	0.000	0.000	-0.016	15.000	0.000	0.000
1481565.000	0.000	0.000	-0.016	15.000	0.000	0.000
1481595.000	0.000	0.000	-0.016	15.000	0.000	0.000
1481595.000	0.000	0.000	-0.016	15.000	0.000	0.000
1481595.000	0.000	0.000	-0.016	15.000	0.000	0.000
1481625.000	0.000	0.000	-0.016	15.000	0.000	0.000
1481625.000	0.000	0.000	-0.016	15.000	0.000	0.000
1481625.000	0.000	0.000	-0.016	15.000	0.000	0.000
1481655.000	0.000	0.000	-0.016	15.000	0.000	0.000
1481655.000	0.000	0.000	-0.016	15.000	0.000	0.000
1481655.000	0.000	0.000	-0.016	15.000	0.000	0.000
1481685.000	0.000	0.000	-0.016	15.000	0.000	0.000
1481685.000	0.000	0.000	-0.016	15.000	0.000	0.000
1481685.000	0.000	0.000	-0.016	15.000	0.000	0.000
1481715.000	0.000	0.000	-0.016	15.000	0.000	0.000
1481715.000	0.000	0.000	-0.016	15.000	0.000	0.000
1481715.000	0.000	0.000	-0.016	15.000	0.000	0.000
1481745.000	0.000	0.000	-0.016	15.000	0.000	0.000
1481745.000	0.000	0.000	-0.016	15.000	0.000	0.000
1481745.000	0.000	0.000	-0.016	15.000	0.000	0.000
1481775.000	0.000	0.000	-0.016	15.000	0.000	0.000
1481775.000	0.000	0.000	-0.016	15.000	0.000	0.000
1481775.000	0.000	0.000	-0.016	15.000	0.000	0.000
1481805.000	0.000	0.000	-0.016	15.000	0.000	0.000
1481805.000	0.000	0.000	-0.016	15.000	0.000	0.000
1481805.000	0.000	0.000	-0.016	15.000	0.000	0.000
1481835.000	0.000	0.000	-0.016	15.000	0.000	0.000
1481835.000	0.000	0.000	-0.016	15.000	0.000	0.000
1481835.000	0.000	0.000	-0.016	15.000	0.000	0.000
1481865.000	0.000	0.000	-0.016	15.000	0.000	0.000
1481865.000	0.000	0.000	-0.016	15.000	0.000	0.000
1481865.000	0.000	0.000	-0.016	15.000	0.000	0.000
1481895.000	0.000	0.000	-0.016	15.000	0.000	0.000
1481895.000	0.000	0.000	-0.016	15.000	0.000	0.000
1481895.000	0.000	0.000	-0.016	15.000	0.000	0.000
1481925.000	0.000	0.000	-0.016	15.000	0.000	0.000
1481925.000	0.000	0.000	-0.016	15.000	0.000	0.000
1481925.000	0.000	0.000	-0.016	15.000	0.000	0.000
1481955.000	0.000	0.000	-0.016	15.000	0.000	0.000
1481955.000	0.000	0.000	-0.016	15.000	0.000	0.000
1481955.000	0.000	0.000	-0.016	15.000	0.000	0.000
1481985.000	0.000	0.000	-0.016	15.000	0.000	0.000
1481985.000	0.000	0.000	-0.016	15.000	0.000	0.000
1481985.000	0.000	0.000	-0.016	15.000	0.000	0.000
1482015.000	0.000	0.000	-0.016	15.000	0.000	0.000
1482015.000	0.000	0.000	-0.016	15.000	0.000	0.000
1482015.000	0.000	0.000	-0.016	15.000	0.000	0.000
1482045.000	0.000	0.000	-0.016	15.000	0.000	0.000
1482045.000	0.000	0.000	-0.016	15.000	0.000	0.000
1482045.000	0.000	0.000	-0.016	15.000	0.000	0.000
1482075.000	0.000	0.000	-0.016	15.000	0.000	0.000
1482075.000	0.000	0.000	-0.016	15.000	0.000	0.000
1482075.000	0.000	0.000	-0.016	15.000	0.000	0.000
1482105.000	0.000	0.000	-0.016	15.000	0.000	0.000
1482105.000	0.000	0.000	-0.016	15.000	0.000	0.000
1482105.000	0.000	0.000	-0.016	15.000	0.000	0.000
1482135.000	0.000	0.000	-0.016	15.000	0.000	0.000
1482135.000	0.000	0.000	-0.016	15.000	0.000	0.000
1482135.000	0.000	0.000	-0.016	15.000	0.000	0.000
1482165.000	0.000	0.000	-0.016	15.000	0.000	0.000
1482165.000	0.000	0.000	-0.016	15.000	0.000	0.000
1482165.000	0.000	0.000	-0.016	15.000	0.000	0.000
1482195.000	0.000	0.000	-0.016	15.000	0.000	0.000
1482195.000	0.000	0.000	-0.016	15.000	0.000	0.000
1482195.000	0.000	0.000	-0.016	15.000	0.000	0.000
1482225.000	0.000	0.000	-0.016	15.000	0.000	0.000
1482225.000	0.000	0.000	-0.016	15.000	0.000	0.000
1482225.000	0.000	0.000	-0.016	15.000	0.000	0.000
1482255.000	0.000	0.000	-0.016	15.000	0.000	0.000
1482255.000	0.000	0.000	-0.016	15.000	0.000	0.000
1482255.000	0.000	0.000	-0.016	15.000	0.000	0.000
1482285.000	0.000	0.000	-0.016	15.000	0.000	0.000
1482285.000	0.000	0.000	-0.016	15.000	0.000	0.000
1482285.000	0.000	0.000	-0.016	15.000	0.000	0.000
1482315.000	0.000	0.000	-0.016	15.000	0.000	0.000
1482315.000	0.000	0.000	-0.016	15.000	0.000	0.000
1482315.000	0.000	0.000	-0.016	15.000	0.000	0.000
1482345.000	0.000	0.000	-0.016	15.000	0.000	0.000
1482345.000	0.000	0.000	-0.016	15.000	0.000	0.000
1482345.000	0.000	0.000	-0.016	15.000	0.000	0.000
1482375.000	0.000	0.000	-0.016	15.000	0.000	0.000
1482375.000	0.000	0.000	-0.016	15.000	0.000	0.000
1482375.000	0.000	0.000	-0.016	15.000	0.000	0.000
1482405.000	0.000	0.000	-0.016	15.000	0.000	0.000
1482405.000	0.000	0.000	-0.016	15.000	0.000	0.000
1482405.000	0.000	0.000	-0.016	15.000	0.000	0.000
1482435.000	0.000	0.000	-0.016	15.000	0.000	0.000
1482435.000	0.000	0.000	-0.016	15.000	0.000	0.000
1482435.000	0.000	0.000	-0.016	15.000	0.000	0.000
1482465.000	0.000	0.000	-0.016	15.000	0.000	0.000
1482465.000	0.000	0.000	-0.016	15.000	0.000	0.000
1482465.000	0.000	0.000	-0.016	15.000	0.000	0.000
1482495.000	0.000	0.000	-0.016	15.000	0.000	0.000
1482495.000	0.000	0.000	-0.016	15.000	0.000	0.000
1482495.000	0.000	0.000	-0.016	15.000	0.000	0.000
1482525.000	0.000	0.000	-0.016	15.000	0.000	0.000
1482525.000	0.000	0.000	-0.016	15.000	0.000	0.000
1482525.000	0.000	0.000	-0.016	15.000	0.000	0.000
1482555.000	0.000	0.000	-0.016	15.000	0.000	0.000
1482555.000	0.000	0.000	-0.016	15.000	0.000	0.000
1482555.000	0.000	0.000	-0.016	15.000	0.000	0.000
1482585.000	0.000	0.000	-0.016	15.000	0.000	0.000
1482585.000	0.000	0.000	-0.016	15.000	0.000	0.000
1482585.000	0.000	0.000	-0.016	15.000	0.000	0.000
1482615.000	0.000	0.000	-0.016	15.000	0.000	0.000
1482615.000	0.000	0.000	-0.016	15.000	0.000	0.000
1482615.000	0.000	0.000	-0.016	15.000	0.000	0.000
1482645.000	0.000	0.000	-0.016	15.000	0.000	0.000
1482645.000	0.000	0.000	-0.016	15.000	0.000	0.000
1482645.000	0.000	0.000	-0.016	15.000	0.000	0.000
1482675.000	0.000	0.000	-0.016	15.000	0.000	0.000
1482675.000	0.000	0.000	-0.016	15.000	0.000	0.000
1482675.000	0.000	0.000	-0.016	15.000	0.000	0.000
1482705.000	0.000	0.000	-0.016	15.000	0.000	0.000
1482705.000	0.000	0.000	-0.016	15.000	0.000	0.000
1482705.000	0.000	0.000	-0.016	15.000	0.000	0.000
1482735.000	0.000	0.000	-0.016	15.000	0.000	0.000
1482735.000	0.000	0.000	-0.016	15.000	0.000	0.000
1482735.000	0.000	0.000	-0.016	15.000	0.000	0.000
1482765.000	0.000	0.000	-0.016	15.000	0.000	0.000
1482765.000	0.000	0.000	-0.016	15.000	0.000	0.000
1482765.000	0.000	0.000	-0.016	15.000	0.000	0.000
1482795.000	0.000	0.000	-0.016	15.000	0.000	0.000
1482795.000	0.000	0.000	-0.016	15.000	0.000	0.000
1482795.000	0.000	0.000	-0.016	15.000	0.000	0.000
1482825.000	0.000	0.000	-0.016	15.000	0.000	0.000
1482825.000	0.000	0.000	-0.016	15.000	0.000	0.000
1482825.000	0.000	0.000	-0.016	15.000	0.000	0.000
1482855.000	0.000	0.000	-0.016	15.000	0.000	0.000
1482855.000	0.000	0.000	-0.016	15.000	0.000	0.000
1482855.000	0.000	0.000	-0.016	15.000	0.000	0.000
1482885.000	0.000	0.000	-0.016	15.000	0.000	0.000
1482885.000	0.000	0.000	-0.016	15.000	0.000	0.000
1482885.000	0.000	0.000	-0.016	15.000	0.000	0.000
1482915.000	0.000	0.000	-0.016	15.000	0.000	0.000
1482915.000	0.000	0.000	-0.016	15.000	0.000	0.000
1482915.000	0.000	0.000	-0.016	15.000	0.000	0.000
1482945.000	0.000	0.000	-0.016	15.000	0.000	0.000
1482945.000	0.000	0.000	-0.016	15.000	0.000	0.000
1482945.000	0.000	0.000	-0.016	15.000	0.000	0.000
1482975.000	0.000	0.000	-0.016	15.000	0.000	0.000
1482975.000	0.000	0.000	-0.016	15.000	0.000	0.000
1482975.000	0.000	0.000	-0.016	15.000	0.000	0.000
1483005.000	0.000	0.000	-0.016	15.000	0.000	0.000
1483005.000	0.000	0.000	-0.016	15.000	0.000	0.000
1483005.000	0.000	0.000	-0.016	15.000	0.000	0.000
1483035.000	0.000	0.000	-0.016	15.000	0.000	0.000
1483035.000	0.000	0.000	-0.016	15.000	0.000	0.000
1483035.000	0.000	0.000	-0.016	15.000	0.000	0.000
1483065.000	0.000	0.000	-0.016	15.000	0.000	0.000
1483065.000	0.000	0.000	-0.016	15.000	0.000	0.000
1483065.000	0.000	0.000	-0.016	15.000	0.000	0.000
1483095.000	0.000	0.000	-0.016	15.000	0.000	0.000
1483095.000	0.000	0.000	-0.016	15.000	0.000	0.000
1483095.000	0.000	0.000	-0.016	15.000	0.000	0.000
1483125.000	0.000	0.000	-0.016	15.000	0.000	0.000
1483125.000	0.000	0.000	-0.016	15.000	0.000	0.000
1483125.000	0.000	0.000	-0.016	15.000	0.000	0.000
1483155.000	0.000	0.000	-0.016	15.000	0.000	0.000
1483155.000	0.000	0.000	-0.016	15.000	0.000	0.000
1483155.000	0.000	0.000	-0.016	15.000	0.000	0.000
1483185.000	0.000	0.000	-0.016	15.000	0.000	0.000
1483185.000	0.000	0.000	-0.016	15.000	0.000	0.000
1483185.000	0.000	0.000	-0.016	15.000	0.000	0.000
1483215.000	0.000	0.000	-0.016	15.000	0.000	0.000
1483215.000	0.000	0.000	-0.016	15.000	0.000	0.000
1483215.000	0.000	0.000	-0.016	15.000	0.000	0.000
1483245.000	0.000	0.000	-0.016	15.000	0.000	0.000
1483245.000	0.000	0.000	-0.016	15.000	0.000	0.000
1483245.000	0.000	0.000	-0.016	15.000	0.000	0.000
1483275.000	0.000	0.000	-0.016	15.000	0.000	0.000
1483275.000	0.000	0.000	-0.016	15.000	0.000	0.000
1483275.000	0.000	0.000	-0.016	15.000	0.000	0.000
1483305.000	0.000	0.000	-0.016	15.000	0.000	0.000
1483305.000	0.000	0.000	-0.016	15.000	0.000	0.000
1483305.000	0.000	0.000	-0.016	15.000	0.000	0.000
1483335.000	0.000	0.000	-0.016	15.000	0.000	0.000
1483335.000	0.000	0.000	-0.016	15.000	0.000	0.000
1483335.000	0.000	0.000	-0.016	15.000	0.000	0.000
1483365.000	0.000	0.000	-0.016	15.000	0.000	0.000
