%Atmospheric Pressure [Pa],Atmospheric Temperature [K],Atmospheric Density [kg/m^3],Airspeed [m/s],Pitot Dynamic Pressure [Pa],Aux Dynamic Pressure [Pa],Scanivalve Pressure 1 [Pa],Scanivalve Pressure 2 [Pa],Scanivalve Pressure 3 [Pa],Scanivalve Pressure 4 [Pa],Scanivalve Pressure 5 [Pa],Scanivalve Pressure 6 [Pa],Scanivalve Pressure 7 [Pa],Scanivalve Pressure 8 [Pa],Scanivalve Pressure 9 [Pa],Scanivalve Pressure 10 [Pa],Scanivalve Pressure 11 [Pa],Scanivalve Pressure 12 [Pa],Scanivalve Pressure 13 [Pa],Scanivalve Pressure 14 [Pa],Scanivalve Pressure 15 [Pa],Scanivalve Pressure 16 [Pa],Angle of Attack [deg],Sting Normal Force [N],Sting Axial Force [N],Sting Pitching Moment [Nm],ELD Probe X axis [mm],ELD Probe Y axis [mm]
82299.968,299.887,0.956,25.053,300.045,276.899,-8.650,-3.122,-1.711,-0.418,-0.756,-5.607,-4.699,-5.246,-3.126,0.104,3.487,-4.355,0.838,0.105,-2.073,-3.266,0.000,10.731,-14.217,0.071,-0.030,42.987
82291.906,299.887,0.956,25.051,299.966,277.059,-9.731,-4.125,-2.780,-0.940,0.324,-5.295,-4.378,-4.710,-3.573,0.104,3.487,-3.505,1.780,0.837,-1.244,-3.153,0.000,10.673,-14.247,0.072,-0.014,42.998
82295.937,299.885,0.956,25.057,300.124,277.059,-9.731,-3.233,-2.459,-0.940,-0.108,-5.295,-3.844,-5.031,-1.563,-0.521,3.803,-3.399,1.152,0.314,-1.348,-2.477,0.000,10.616,-14.288,0.074,-0.014,42.976
82299.968,299.885,0.956,25.050,299.966,277.059,-8.542,-2.787,-0.962,-0.835,0.216,-4.776,-4.592,-4.710,-2.233,0.522,3.275,-3.612,1.466,-0.732,-1.037,-3.041,0.000,10.558,-14.319,0.076,-0.014,42.998
82304.000,299.885,0.956,25.053,300.045,277.059,-9.299,-3.456,-1.925,-0.626,-0.108,-5.088,-3.738,-5.888,-3.238,0.313,2.958,-4.355,1.152,0.314,-1.762,-3.604,0.000,10.519,-14.349,0.077,0.003,42.998
82291.906,299.887,0.956,25.058,300.124,277.059,-9.083,-4.013,-2.245,-0.313,0.324,-5.503,-4.378,-4.282,-3.126,1.044,3.698,-4.249,1.466,0.523,-1.451,-3.266,0.000,10.481,-14.379,0.078,-0.014,42.998
82295.937,299.887,0.956,25.054,300.045,277.219,-8.974,-2.787,-2.566,-0.835,0.000,-5.607,-4.485,-5.246,-2.568,-0.104,2.958,-3.824,0.105,0.314,-1.555,-3.378,0.000,10.481,-14.379,0.079,0.003,43.009
82283.843,299.885,0.956,25.059,300.124,277.219,-9.407,-3.233,-2.138,-0.835,0.216,-4.568,-5.019,-4.603,-2.791,0.104,3.803,-4.037,1.257,0.314,-1.140,-2.590,0.000,10.462,-14.369,0.078,-0.014,42.987
82299.968,299.885,0.956,25.057,300.124,277.379,-9.839,-3.122,-1.711,-0.522,1.081,-4.568,-3.204,-4.496,-2.345,0.731,2.958,-4.037,1.466,0.419,-1.244,-3.041,0.000,10.500,-14.359,0.078,-0.014,42.966
82299.968,299.888,0.956,25.060,300.203,277.219,-8.650,-3.790,-2.138,-0.522,0.433,-5.191,-4.165,-5.246,-3.461,0.209,3.698,-4.780,1.466,0.314,-1.555,-2.365,0.000,10.519,-14.359,0.077,-0.014,42.987
82291.906,299.887,0.956,25.061,300.203,277.379,-9.299,-3.456,-1.711,-0.209,1.190,-4.568,-3.844,-4.068,-2.903,0.835,4.120,-3.612,1.780,0.419,-1.140,-3.716,0.000,10.596,-14.319,0.075,-0.030,42.976
82295.937,299.887,0.956,25.064,300.282,277.219,-8.758,-2.341,-2.031,-0.522,0.541,-4.776,-4.912,-5.138,-2.456,-0.313,3.381,-3.612,0.943,0.314,-1.244,-2.590,0.000,10.616,-14.278,0.074,0.003,42.987
82295.937,299.887,0.956,25.064,300.282,277.379,-9.515,-3.344,-2.138,-1.462,0.649,-4.984,-4.485,-4.817,-3.126,0.626,2.853,-4.037,1.466,0.105,-1.762,-3.716,0.000,10.692,-14.237,0.072,0.003,42.987
82295.937,299.887,0.956,25.061,300.203,277.379,-9.191,-3.567,-1.925,-0.731,-0.324,-5.191,-4.271,-5.674,-2.345,0.522,3.804,-3.718,1.571,1.047,-1.244,-2.928,0.000,10.789,-14.186,0.070,0.003,42.987
82287.874,299.887,0.956,25.065,300.282,277.059,-8.542,-3.456,-1.390,-0.209,1.081,-4.776,-3.738,-4.389,-3.461,0.731,3.381,-3.930,0.942,0.105,-1.762,-3.604,0.000,10.827,-14.146,0.067,0.019,42.976
82291.906,299.887,0.956,25.068,300.361,277.219,-9.731,-3.790,-2.887,-0.940,-0.216,-6.022,-5.339,-5.567,-2.456,-0.834,3.170,-3.930,0.733,0.209,-1.555,-2.703,0.000,10.923,-14.095,0.064,0.003,43.019
82291.906,299.887,0.956,25.068,300.361,277.219,-8.865,-2.899,-0.855,-0.731,1.298,-4.672,-4.592,-4.603,-2.456,0.209,3.804,-4.249,1.466,-0.523,-1.658,-3.829,0.000,11.039,-14.054,0.061,0.003,42.987
82287.874,299.890,0.956,25.069,300.361,277.059,-9.730,-3.567,-2.566,-0.418,0.000,-5.399,-5.019,-5.995,-3.349,0.209,2.536,-4.143,1.256,0.523,-1.348,-3.041,0.000,11.154,-13.963,0.058,0.003,42.998
82291.906,299.887,0.956,25.071,300.440,277.059,-8.324,-3.344,-1.818,-0.209,0.433,-4.672,-4.271,-4.496,-2.903,1.044,3.592,-4.462,1.675,0.733,-1.140,-2.928,0.000,11.251,-13.912,0.056,0.003,42.976
82291.906,299.887,0.956,25.078,300.598,277.059,-8.757,-2.899,-2.138,-0.626,-0.108,-5.607,-3.844,-5.138,-2.680,0.104,3.064,-4.143,0.524,0.105,-1.037,-3.153,0.000,11.308,-13.851,0.054,0.003,42.998
82291.906,299.887,0.956,25.078,300.598,277.379,-8.757,-2.118,-1.604,-0.522,0.216,-4.361,-4.592,-4.282,-2.233,-0.000,4.015,-3.612,1.989,0.314,-1.555,-2.815,0.000,11.443,-13.831,0.052,0.003,42.998
82291.906,299.887,0.956,25.074,300.519,277.379,-9.297,-3.344,-1.818,-0.313,0.649,-4.880,-3.738,-5.138,-2.568,0.418,2.747,-3.930,1.361,0.419,-0.518,-3.153,0.000,11.539,-13.790,0.050,0.003,42.976
82283.843,299.888,0.956,25.072,300.440,277.379,-8.541,-3.567,-1.711,-0.313,-0.108,-4.465,-3.844,-4.924,-3.126,0.731,3.804,-4.037,1.361,0.419,-1.762,-3.378,0.000,11.578,-13.760,0.050,-0.014,43.009
82295.937,299.885,0.956,25.077,300.598,277.379,-8.541,-3.456,-2.138,-0.418,0.757,-5.088,-3.951,-4.282,-3.126,0.209,3.909,-2.974,1.361,0.733,-0.622,-3.491,0.000,11.655,-13.729,0.048,-0.014,42.998
82283.843,299.887,0.956,25.076,300.519,277.219,-8.541,-2.230,-1.711,-0.104,0.324,-4.672,-3.844,-5.246,-2.567,-0.208,3.381,-4.143,1.152,0.000,-1.451,-2.815,0.000,11.693,-13.709,0.047,-0.014,42.987
82283.843,299.888,0.956,25.072,300.440,277.219,-9.838,-3.233,-1.497,-1.148,0.757,-4.153,-3.738,-4.389,-2.567,0.626,3.698,-3.612,1.780,-0.314,-1.037,-2.365,0.000,11.770,-13.689,0.046,0.003,42.976
82283.843,299.885,0.956,25.072,300.440,277.219,-8.324,-2.899,-1.604,-0.313,0.541,-4.257,-4.271,-5.460,-3.460,0.313,2.853,-4.993,0.942,0.209,-2.073,-3.491,0.000,11.828,-13.709,0.046,-0.030,42.998
82291.906,299.887,0.956,25.074,300.519,277.219,-9.297,-4.236,-1.925,-0.835,0.865,-4.672,-3.844,-4.389,-3.126,0.522,4.332,-3.718,1.780,0.419,-0.311,-2.928,0.000,11.886,-13.729,0.048,-0.014,42.976
82291.906,299.890,0.956,25.071,300.440,277.699,-8.324,-2.341,-2.459,-0.104,0.433,-5.191,-4.805,-4.817,-2.344,-0.208,3.381,-4.037,0.838,-0.105,-1.555,-3.491,0.000,11.847,-13.719,0.048,-0.014,42.998
82287.874,299.888,0.956,25.075,300.519,277.379,-9.622,-2.787,-2.031,-0.940,-0.432,-5.088,-5.339,-4.817,-2.679,-0.104,3.698,-4.249,1.152,-0.836,-2.073,-3.378,0.000,11.886,-13.749,0.049,-0.014,42.987
82287.874,299.887,0.956,25.075,300.519,277.219,-9.730,-3.233,-2.138,-0.209,0.108,-5.088,-3.417,-4.817,-2.456,0.209,3.381,-4.143,1.361,0.419,-1.451,-3.153,0.000,11.886,-13.790,0.050,0.003,42.976
82295.937,299.890,0.956,25.071,300.440,277.219,-8.108,-3.790,-2.245,-0.209,0.433,-4.465,-3.738,-4.710,-3.126,0.626,3.698,-4.674,1.361,0.837,-1.451,-3.378,0.000,11.905,-13.810,0.051,-0.030,42.987
82291.906,299.888,0.956,25.074,300.519,277.219,-9.297,-3.010,-2.673,-0.418,0.216,-6.126,-4.058,-4.496,-3.126,0.104,3.698,-3.506,0.838,0.837,-1.037,-3.604,0.000,11.886,-13.851,0.052,-0.014,42.976
82287.874,299.890,0.956,25.078,300.598,277.219,-8.433,-2.564,-1.604,-0.522,0.324,-4.672,-4.592,-4.496,-2.679,-0.000,2.641,-3.824,1.257,0.314,-1.969,-2.815,0.000,11.847,-13.892,0.053,-0.014,42.976
82299.968,299.887,0.956,25.073,300.519,277.379,-10.162,-2.787,-1.925,-0.522,0.216,-4.776,-3.951,-5.031,-2.679,0.626,2.958,-4.037,0.943,0.314,-0.933,-2.703,0.000,11.866,-13.932,0.055,-0.014,43.009
82295.937,299.888,0.956,25.071,300.440,277.219,-8.757,-3.233,-1.176,-0.209,0.000,-4.465,-3.844,-5.138,-2.344,0.104,4.015,-4.037,0.838,0.419,-1.762,-3.604,0.000,11.847,-13.963,0.056,-0.014,42.998
82295.937,299.887,0.956,25.074,300.519,277.059,-9.297,-3.679,-2.245,-0.209,0.757,-5.399,-4.271,-4.710,-2.791,0.209,3.804,-3.612,1.152,0.000,-1.037,-3.716,0.000,11.828,-14.004,0.056,0.003,42.987
82304.000,299.890,0.956,25.066,300.361,277.219,-8.757,-2.564,-1.818,-0.209,1.081,-4.984,-4.271,-4.924,-2.121,-0.521,3.698,-3.612,0.733,0.837,-1.140,-2.477,0.000,11.809,-14.024,0.057,-0.014,42.976
82299.968,299.885,0.956,25.066,300.361,277.059,-9.514,-2.341,-1.711,-1.044,0.649,-5.295,-4.165,-5.138,-2.567,0.313,3.064,-3.930,1.152,-0.732,-1.244,-3.266,0.000,11.828,-14.034,0.057,-0.014,42.976
82295.937,299.891,0.956,25.074,300.519,277.219,-8.973,-3.010,-1.925,-0.000,0.108,-4.880,-4.805,-5.674,-2.791,0.209,2.958,-4.143,1.257,0.628,-1.866,-3.041,0.000,11.809,-14.075,0.058,0.003,42.987
82304.000,299.888,0.956,25.069,300.440,277.219,-9.081,-3.679,-1.818,-0.000,0.973,-4.984,-3.631,-4.496,-3.237,0.313,3.381,-3.824,1.152,0.628,-0.933,-3.153,0.000,11.828,-14.054,0.058,-0.014,42.987
82308.031,299.890,0.956,25.075,300.598,277.059,-9.622,-3.010,-2.673,-0.522,0.108,-5.399,-3.951,-5.031,-2.456,-0.313,3.170,-3.824,1.047,0.523,-1.658,-2.815,0.000,11.809,-14.064,0.058,0.003,42.987
82304.000,299.890,0.956,25.076,300.598,277.219,-9.081,-3.122,-1.176,-0.626,0.433,-4.672,-4.058,-4.389,-2.567,0.418,3.170,-4.143,1.152,-0.523,-1.866,-3.153,0.000,11.809,-14.064,0.057,-0.030,42.987
82299.968,299.891,0.956,25.080,300.677,277.059,-9.730,-3.679,-2.031,-0.835,-0.108,-5.088,-4.271,-5.781,-2.791,0.418,3.275,-4.037,1.257,0.419,-0.726,-2.703,0.000,11.847,-14.034,0.055,0.019,42.998
82304.000,299.888,0.956,25.073,300.519,277.539,-8.433,-4.125,-2.031,-0.209,0.541,-4.984,-3.951,-4.068,-2.902,0.104,4.015,-3.930,1.047,0.209,-1.244,-3.153,0.000,11.866,-14.004,0.055,-0.030,42.987
82299.968,299.888,0.956,25.080,300.677,277.219,-8.433,-3.344,-2.566,-0.626,0.541,-5.918,-3.844,-5.138,-2.456,-0.208,3.487,-3.824,0.419,-0.105,-1.555,-3.378,0.000,11.866,-13.993,0.053,-0.014,42.998
82308.031,299.888,0.956,25.075,300.598,277.379,-9.189,-2.899,-2.138,-1.044,0.216,-4.361,-5.126,-4.710,-2.567,-0.417,3.804,-3.505,0.628,0.105,-1.658,-2.815,0.000,11.924,-13.922,0.051,-0.014,42.976
82299.968,299.890,0.956,25.073,300.519,277.379,-9.730,-2.899,-1.925,-1.462,0.324,-4.568,-3.951,-4.924,-2.679,0.313,2.853,-3.930,1.466,0.000,-0.933,-2.365,0.000,11.943,-13.912,0.049,0.019,42.998
82299.968,299.888,0.956,25.083,300.756,277.379,-8.866,-3.233,-1.497,-0.209,0.324,-4.880,-3.738,-5.138,-3.126,0.626,4.332,-4.462,0.733,0.733,-1.451,-2.815,0.000,11.982,-13.831,0.049,0.003,42.976
82304.000,299.890,0.956,25.076,300.598,277.539,-8.866,-2.899,-2.138,-0.522,0.649,-4.984,-3.417,-4.282,-3.014,0.418,3.909,-3.718,1.571,0.419,-1.037,-4.054,0.000,12.001,-13.790,0.046,0.003,42.998
82299.968,299.890,0.956,25.077,300.598,277.699,-9.083,-3.233,-2.673,-0.418,-0.108,-5.191,-4.699,-5.460,-2.791,-0.834,3.804,-4.355,1.047,0.209,-0.726,-3.153,0.000,12.040,-13.709,0.044,0.003,42.976
82299.968,299.890,0.956,25.080,300.677,277.699,-9.191,-3.344,-1.711,-1.044,0.865,-4.257,-3.738,-4.603,-2.233,1.148,3.698,-3.399,1.571,0.000,-1.244,-2.027,0.000,12.078,-13.638,0.042,-0.014,42.987
82295.937,299.890,0.956,25.087,300.835,277.859,-8.758,-2.787,-1.497,-0.104,-0.108,-4.984,-4.485,-5.567,-2.679,0.626,3.592,-4.462,1.257,0.628,-1.348,-3.378,0.000,12.097,-13.587,0.041,-0.014,42.987
82295.937,299.888,0.956,25.077,300.598,277.699,-8.758,-3.679,-1.818,-0.522,0.541,-4.880,-4.271,-4.175,-2.902,0.731,3.487,-3.930,1.361,0.837,-1.555,-3.266,0.000,12.136,-13.536,0.039,0.019,42.998
82304.000,299.891,0.956,25.083,300.756,277.699,-8.974,-2.676,-2.887,-1.044,-0.216,-5.710,-4.592,-5.353,-2.791,-0.208,2.536,-4.037,0.105,0.105,-1.658,-3.491,0.000,12.194,-13.495,0.038,0.003,42.976
82299.968,299.891,0.956,25.087,300.835,277.539,-9.515,-3.456,-1.604,-0.104,0.541,-4.465,-4.592,-4.068,-2.456,0.418,3.804,-3.081,1.361,-0.105,-1.451,-3.041,0.000,12.232,-13.445,0.038,-0.030,42.976
82295.937,299.887,0.956,25.094,300.993,277.699,-9.515,-3.567,-1.925,-0.940,-0.216,-4.672,-4.165,-5.460,-3.014,0.209,2.641,-3.718,1.257,0.419,-1.451,-3.041,0.000,12.232,-13.404,0.038,-0.014,42.987
82295.937,299.891,0.956,25.097,301.072,277.859,-8.758,-3.790,-2.245,0.105,0.216,-4.672,-4.485,-5.031,-3.014,-0.417,3.909,-4.143,0.943,0.837,-1.866,-2.703,0.000,12.232,-13.384,0.038,-0.014,42.998
82291.906,299.890,0.956,25.088,300.835,278.019,-9.839,-2.787,-1.925,-0.731,0.541,-5.607,-4.271,-4.924,-3.014,-0.313,3.381,-3.930,0.838,0.105,-0.933,-3.716,0.000,12.290,-13.343,0.037,0.003,42.998
82295.937,299.893,0.956,25.084,300.756,278.019,-8.866,-2.787,-1.925,-0.418,0.433,-4.672,-4.485,-5.031,-2.345,-0.625,3.381,-3.930,1.361,0.314,-1.348,-2.928,0.000,12.271,-13.333,0.038,-0.014,42.987
82291.906,299.888,0.956,25.088,300.835,277.699,-10.056,-3.679,-1.818,-1.044,0.541,-4.880,-3.844,-5.031,-2.791,1.044,3.170,-3.293,1.466,0.105,-0.726,-2.590,0.000,12.271,-13.313,0.040,-0.014,42.998
82299.968,299.891,0.956,25.096,301.072,278.019,-7.893,-2.899,-1.604,0.314,-0.216,-4.672,-3.738,-5.138,-2.345,1.044,4.332,-3.612,1.989,0.837,-1.658,-2.928,0.000,12.251,-13.302,0.042,-0.014,42.998
82291.906,299.893,0.956,25.094,300.993,277.699,-8.866,-3.122,-2.138,-0.209,1.081,-5.191,-4.271,-5.138,-2.680,0.313,4.437,-3.399,1.571,0.837,-0.622,-3.491,0.000,12.271,-13.333,0.042,-0.014,42.987
82299.968,299.893,0.956,25.093,300.993,278.179,-8.434,-2.564,-2.245,0.105,0.973,-4.672,-4.058,-5.031,-2.233,-0.834,2.958,-3.930,0.942,0.314,-1.451,-3.829,0.000,12.271,-13.333,0.044,0.003,42.966
82287.874,299.888,0.956,25.105,301.230,278.179,-9.081,-3.456,-1.711,-1.775,0.216,-5.088,-5.339,-5.246,-2.791,0.104,3.487,-4.037,1.989,-0.732,-0.726,-2.703,0.000,12.251,-13.353,0.045,-0.014,42.976
82295.937,299.887,0.956,25.097,301.072,278.179,-8.865,-3.344,-1.283,-0.104,0.757,-4.776,-3.524,-5.246,-2.903,0.626,3.381,-3.824,1.047,0.419,-1.762,-3.604,0.000,12.232,-13.394,0.049,-0.030,42.987
82291.906,299.888,0.956,25.097,301.072,278.179,-9.189,-4.013,-2.138,-1.044,0.000,-5.399,-5.019,-5.246,-3.684,-0.313,3.381,-4.143,0.942,-0.105,-1.658,-3.491,0.000,12.232,-13.404,0.050,-0.014,42.987
82295.937,299.890,0.956,25.100,301.151,278.339,-9.189,-2.899,-2.352,-0.522,0.541,-5.503,-4.485,-4.710,-3.014,-0.417,3.487,-3.718,1.256,0.523,-1.140,-3.829,0.000,12.232,-13.424,0.052,0.003,42.976
82295.937,299.888,0.956,25.103,301.230,278.179,-8.649,-3.010,-1.604,-0.835,0.324,-4.880,-4.485,-4.817,-3.014,-0.104,2.747,-3.612,1.361,-0.314,-1.658,-2.365,0.000,12.232,-13.506,0.054,-0.030,42.998
82287.874,299.888,0.956,25.105,301.230,278.339,-9.838,-3.679,-1.390,-0.522,0.757,-4.984,-3.951,-5.138,-2.791,0.418,3.064,-3.930,1.152,0.000,-1.348,-2.928,0.000,12.232,-13.526,0.055,-0.014,42.976
82299.968,299.888,0.956,25.096,301.072,278.339,-8.649,-3.902,-2.138,-0.731,-0.324,-4.984,-4.165,-4.817,-2.903,0.313,3.487,-4.568,1.361,-0.209,-1.658,-3.604,0.000,12.251,-13.577,0.056,-0.014,42.966
82299.968,299.887,0.956,25.106,301.309,278.179,-9.189,-2.899,-2.138,-0.418,0.324,-5.191,-4.165,-4.282,-2.791,0.522,4.120,-3.824,1.152,0.314,-1.348,-3.491,0.000,12.290,-13.597,0.057,-0.014,42.976
82291.906,299.885,0.956,25.104,301.230,277.859,-8.865,-2.453,-1.283,-0.104,1.298,-4.568,-3.951,-5.138,-2.233,-0.313,3.487,-4.037,1.361,-0.314,-1.140,-2.928,0.000,12.290,-13.638,0.058,-0.014,42.998
82291.906,299.887,0.956,25.107,301.309,278.499,-9.081,-3.456,-1.604,-1.357,0.757,-4.672,-4.592,-5.353,-2.679,0.522,3.064,-3.612,1.571,0.209,-1.244,-2.477,0.000,12.328,-13.678,0.058,-0.014,42.987
82295.937,299.887,0.956,25.107,301.309,278.499,-9.189,-3.233,-1.497,-0.522,0.000,-4.984,-4.058,-4.924,-2.679,0.522,3.381,-4.143,0.838,0.628,-2.384,-2.928,0.000,12.367,-13.699,0.058,-0.014,42.987
82283.843,299.887,0.956,25.112,301.388,278.339,-8.649,-3.567,-1.711,-1.253,0.433,-4.465,-4.592,-4.282,-3.126,0.522,3.487,-4.143,1.571,0.523,-0.518,-3.829,0.000,12.463,-13.719,0.059,0.003,42.998
82287.874,299.883,0.956,25.111,301.388,278.499,-9.189,-2.676,-1.925,-0.104,0.324,-5.088,-4.485,-5.031,-2.567,-1.042,2.853,-3.612,0.628,-0.209,-1.140,-3.041,0.000,12.521,-13.749,0.058,-0.030,42.987
82295.937,299.883,0.956,25.110,301.388,278.499,-9.730,-3.344,-1.925,-1.462,0.324,-4.880,-5.019,-4.603,-2.344,0.209,3.381,-3.718,1.676,-0.523,-1.969,-3.041,0.000,12.617,-13.739,0.057,-0.030,42.987
82287.874,299.887,0.956,25.111,301.388,278.339,-9.297,-3.233,-1.711,0.105,0.216,-5.295,-3.844,-5.995,-2.344,-0.000,3.275,-4.037,0.838,0.209,-1.348,-3.153,0.000,12.694,-13.760,0.057,0.003,42.998
82291.906,299.885,0.956,25.114,301.467,278.499,-9.189,-4.013,-1.818,-0.731,0.216,-5.607,-4.058,-4.924,-3.684,0.313,3.592,-4.568,1.152,0.733,-1.140,-3.941,0.000,12.810,-13.760,0.056,0.003,42.998
82295.937,299.880,0.956,25.113,301.467,278.660,-9.406,-2.453,-2.673,-0.835,0.000,-5.295,-4.912,-5.460,-2.679,-0.104,3.170,-4.143,0.105,0.105,-1.866,-3.604,0.000,12.887,-13.770,0.053,-0.014,42.987
82291.906,299.885,0.956,25.124,301.704,278.660,-9.297,-3.233,-1.497,-0.522,0.541,-4.361,-4.912,-4.710,-2.791,0.418,3.381,-3.824,1.257,0.000,-1.658,-2.590,0.000,13.002,-13.760,0.053,0.003,42.976
82299.968,299.883,0.956,25.119,301.625,278.660,-9.514,-3.456,-1.925,-0.835,0.216,-5.295,-3.844,-5.246,-2.679,0.418,2.641,-3.824,1.047,0.733,-0.829,-2.815,0.000,13.156,-13.760,0.051,-0.014,42.955
82295.937,299.887,0.956,25.120,301.625,278.660,-8.649,-3.902,-1.925,-0.209,0.216,-4.776,-3.844,-4.175,-2.679,0.522,3.698,-4.780,1.361,0.733,-1.140,-3.153,0.000,13.271,-13.749,0.050,-0.030,42.998
82295.937,299.883,0.956,25.116,301.546,278.499,-9.189,-3.010,-2.352,-0.731,0.433,-5.710,-4.271,-4.817,-3.126,0.313,3.804,-3.506,0.628,0.733,-0.933,-3.491,0.000,13.387,-13.760,0.048,0.003,42.976
82291.906,299.885,0.956,25.124,301.704,278.499,-8.757,-2.007,-1.390,-0.418,1.298,-4.361,-4.165,-4.603,-1.898,-0.104,3.804,-3.293,1.466,0.209,-1.451,-2.365,0.000,13.541,-13.719,0.046,0.003,42.976
82299.968,299.888,0.956,25.123,301.704,278.660,-9.622,-2.899,-1.497,-0.835,1.081,-4.672,-4.058,-4.817,-2.233,1.044,3.170,-3.930,1.571,0.105,-0.622,-2.703,0.000,13.656,-13.699,0.044,-0.014,42.976
82291.906,299.882,0.956,25.124,301.704,278.820,-8.433,-2.564,-1.711,0.105,0.433,-5.191,-4.058,-4.817,-2.233,0.835,3.909,-4.568,1.152,0.523,-2.177,-3.041,0.000,13.810,-13.709,0.044,0.003,42.987
82291.906,299.882,0.956,25.124,301.704,278.820,-8.973,-3.344,-1.925,-0.731,0.541,-5.191,-4.699,-4.389,-3.349,0.313,3.804,-4.143,1.257,0.628,-0.622,-3.491,0.000,13.926,-13.709,0.042,-0.030,42.976
82295.937,299.883,0.956,25.123,301.704,278.660,-8.541,-2.453,-1.497,-0.000,1.298,-4.049,-3.417,-4.282,-1.674,0.000,4.332,-3.506,1.257,0.523,-0.518,-2.477,0.000,14.080,-13.719,0.041,0.019,42.976
82291.906,299.883,0.956,25.127,301.784,278.980,-9.081,-3.122,-1.818,-1.148,0.216,-5.191,-4.592,-4.817,-2.902,0.104,3.064,-4.355,1.152,-0.314,-1.244,-2.928,0.000,14.195,-13.719,0.039,-0.014,42.987
82295.937,299.885,0.956,25.130,301.863,278.660,-8.541,-3.010,-1.283,-0.313,0.324,-4.984,-3.951,-5.460,-3.014,0.313,3.275,-3.930,0.733,0.419,-2.073,-2.928,0.000,14.311,-13.719,0.039,0.019,42.976
82299.968,299.883,0.956,25.129,301.863,278.820,-9.730,-4.013,-1.925,-0.940,0.216,-5.399,-4.378,-5.031,-3.237,-0.104,3.909,-4.249,1.152,0.105,-1.037,-3.266,0.000,14.465,-13.739,0.038,-0.014,42.987
82291.906,299.885,0.956,25.134,301.942,278.820,-8.865,-3.344,-2.031,-0.940,0.865,-5.295,-3.844,-5.138,-3.014,0.000,3.064,-4.143,0.314,0.000,-1.555,-3.266,0.000,14.522,-13.760,0.039,-0.030,42.976
82295.937,299.883,0.956,25.136,302.021,278.660,-8.865,-2.564,-1.604,-0.731,0.108,-4.257,-4.912,-5.138,-2.233,0.313,3.487,-3.506,1.257,0.209,-1.658,-3.266,0.000,14.657,-13.790,0.038,-0.030,42.987
82295.937,299.883,0.956,25.139,302.100,278.660,-9.514,-2.787,-1.818,-0.731,0.324,-4.880,-3.951,-5.353,-2.902,0.313,2.853,-3.718,1.047,0.105,-1.244,-2.590,0.000,14.830,-13.800,0.038,0.003,42.987
82299.968,299.882,0.956,25.135,302.021,278.820,-8.865,-4.013,-2.566,-0.835,0.000,-5.295,-4.378,-4.817,-3.237,-0.313,3.698,-4.143,1.361,0.837,-1.555,-3.266,0.000,14.927,-13.841,0.039,-0.030,42.998
82299.968,299.883,0.956,25.132,301.942,278.660,-8.865,-2.676,-2.031,-0.418,0.757,-5.710,-4.058,-4.817,-2.679,-0.208,3.698,-4.143,0.838,0.105,-0.933,-3.266,0.000,15.042,-13.892,0.038,0.003,42.976
82299.968,299.883,0.956,25.132,301.942,278.660,-8.649,-3.233,-2.352,-0.522,0.865,-4.465,-4.378,-4.389,-2.121,-0.521,3.804,-4.037,1.466,0.000,-1.451,-2.703,0.000,15.138,-13.922,0.038,-0.030,42.987
82295.937,299.885,0.956,25.136,302.021,278.499,-10.054,-3.344,-1.818,-1.775,0.541,-4.776,-4.485,-4.389,-2.679,0.731,3.275,-3.612,2.094,0.628,-0.518,-2.703,0.000,15.234,-13.953,0.038,0.003,42.987
82295.937,299.883,0.956,25.143,302.179,278.660,-8.108,-3.233,-1.283,0.105,0.324,-5.088,-3.951,-5.138,-2.233,0.209,3.170,-3.824,0.628,0.523,-2.177,-2.928,0.000,15.350,-13.993,0.039,-0.014,42.976
82299.968,299.887,0.956,25.132,301.942,278.980,-9.297,-3.456,-2.673,-0.522,0.757,-5.710,-4.378,-4.817,-3.014,0.835,4.015,-3.612,1.152,0.628,-0.518,-3.378,0.000,15.465,-14.024,0.039,-0.014,42.976
82291.906,299.883,0.956,25.143,302.179,278.820,-9.081,-2.453,-2.245,-0.104,0.649,-4.672,-3.417,-4.496,-1.898,-0.208,3.698,-4.037,1.257,0.523,-0.829,-2.928,0.000,15.600,-14.075,0.039,0.003,42.987
82291.906,299.883,0.956,25.147,302.258,278.660,-9.297,-3.233,-1.497,-1.462,0.433,-4.984,-3.844,-4.603,-2.009,1.253,3.592,-3.506,1.361,-0.314,-1.037,-2.815,0.000,15.716,-14.136,0.038,-0.014,42.998
82299.968,299.885,0.956,25.139,302.100,278.980,-8.216,-3.122,-0.855,0.209,0.108,-4.049,-3.951,-5.781,-2.456,-0.208,3.698,-4.143,0.733,1.047,-1.969,-3.153,0.000,15.870,-14.136,0.038,0.003,42.998
82295.937,299.887,0.956,25.143,302.179,278.820,-9.081,-3.902,-2.566,-0.626,0.649,-4.880,-4.592,-4.924,-3.349,0.000,3.698,-4.143,1.780,0.314,-1.244,-3.491,0.000,16.004,-14.176,0.036,-0.014,42.998
82304.000,299.882,0.956,25.138,302.100,278.820,-9.081,-2.787,-2.138,-0.000,0.973,-4.776,-3.524,-4.603,-2.568,0.000,3.170,-3.612,1.047,0.419,-0.933,-2.703,0.000,16.139,-14.186,0.035,0.003,42.976
82304.000,299.887,0.956,25.138,302.100,278.980,-9.081,-3.122,-2.031,-0.731,-0.108,-4.672,-4.912,-5.246,-2.903,-0.625,3.381,-4.143,1.361,-0.209,-1.140,-3.153,0.000,16.312,-14.217,0.033,-0.030,42.987
82304.000,299.885,0.956,25.138,302.100,278.660,-10.487,-3.902,-2.138,-1.148,-0.108,-5.191,-4.058,-6.316,-3.349,-0.625,2.747,-4.143,0.733,0.209,-1.451,-3.378,0.000,16.466,-14.227,0.030,-0.014,42.966
82299.968,299.887,0.956,25.136,302.021,279.140,-8.973,-3.790,-1.390,-0.209,0.324,-5.503,-4.378,-5.031,-3.238,-0.208,3.275,-5.311,1.361,0.419,-2.073,-3.153,0.000,16.582,-14.237,0.028,0.003,43.009
82295.937,299.883,0.956,25.139,302.100,278.660,-9.838,-3.456,-3.208,-1.148,0.757,-6.126,-4.805,-5.246,-3.014,0.104,4.015,-3.824,1.047,0.523,-1.140,-3.153,0.000,16.697,-14.237,0.026,-0.014,42.987
82295.937,299.883,0.956,25.139,302.100,278.820,-8.216,-2.230,-2.031,-0.313,0.433,-4.153,-4.699,-4.282,-2.233,-0.104,3.592,-3.930,1.047,0.000,-1.451,-2.703,0.000,16.851,-14.247,0.022,-0.014,42.998
82299.968,299.885,0.956,25.139,302.100,278.980,-10.056,-3.233,-2.459,-1.148,-0.108,-5.088,-4.271,-5.138,-2.680,0.209,3.275,-4.143,1.047,0.105,-1.140,-2.703,0.000,17.024,-14.227,0.019,-0.014,42.987
82299.968,299.883,0.956,25.129,301.863,278.820,-8.866,-3.010,-1.283,-0.104,0.216,-4.257,-4.165,-5.138,-2.233,0.000,3.592,-4.249,0.942,0.105,-1.866,-2.815,0.000,17.198,-14.247,0.015,0.003,42.998
82304.000,299.885,0.956,25.135,302.021,278.660,-9.191,-2.787,-2.031,-0.522,0.973,-4.672,-4.058,-4.389,-3.014,0.313,3.909,-3.399,1.675,0.523,-1.244,-3.378,0.000,17.332,-14.207,0.013,-0.014,42.987
82299.968,299.887,0.956,25.132,301.942,278.499,-8.974,-3.010,-2.566,-0.313,0.865,-4.568,-4.805,-5.031,-2.345,-0.625,3.487,-3.930,1.361,0.314,-1.037,-3.041,0.000,17.486,-14.186,0.008,-0.014,42.987
82295.937,299.887,0.956,25.140,302.100,278.660,-9.515,-3.679,-1.711,-1.775,0.216,-5.088,-4.805,-4.603,-3.126,0.313,2.853,-3.824,1.361,-0.627,-0.622,-2.477,0.000,17.602,-14.217,0.005,0.003,42.987
82299.968,299.887,0.956,25.136,302.021,278.499,-8.434,-3.233,-0.962,-0.104,0.324,-4.568,-3.951,-5.246,-2.233,0.835,4.120,-3.824,1.361,0.105,-1.762,-3.153,0.000,17.736,-14.197,0.003,-0.030,42.987
82299.968,299.890,0.956,25.129,301.863,278.339,-9.083,-4.125,-1.925,-0.104,0.649,-4.568,-3.844,-4.389,-3.126,0.209,3.909,-3.718,1.675,1.047,-0.933,-3.378,0.000,17.890,-14.207,-0.001,-0.030,42.976
82304.000,299.887,0.956,25.135,302.021,278.820,-9.083,-3.010,-2.673,-1.566,0.324,-6.022,-4.912,-5.567,-2.345,-0.521,3.064,-4.143,0.733,0.314,-0.829,-3.153,0.000,17.967,-14.207,-0.002,-0.014,42.998
82299.968,299.885,0.956,25.132,301.942,278.660,-9.191,-2.787,-1.711,-0.418,0.433,-4.257,-4.271,-4.817,-2.456,0.313,3.381,-3.399,1.780,-0.105,-0.726,-2.703,0.000,18.044,-14.207,-0.005,-0.014,42.987
82299.968,299.885,0.956,25.132,301.942,278.820,-9.191,-2.787,-1.390,-0.000,0.541,-4.672,-3.738,-5.460,-2.567,0.940,3.064,-3.718,1.361,0.105,-1.866,-3.716,0.000,18.141,-14.227,-0.007,-0.030,42.998
82295.937,299.888,0.956,25.127,301.784,278.660,-9.191,-4.571,-2.459,-0.835,-0.540,-5.503,-4.485,-5.567,-2.902,-0.521,3.698,-4.674,1.361,0.942,-1.451,-3.153,0.000,18.198,-14.258,-0.009,0.003,42.998
82299.968,299.888,0.956,25.126,301.784,278.499,-8.758,-3.010,-2.780,-0.940,0.433,-5.710,-4.058,-5.246,-3.349,-0.313,3.804,-3.612,0.942,0.314,-1.037,-3.491,0.000,18.256,-14.258,-0.009,-0.014,42.976
82295.937,299.890,0.956,25.123,301.704,278.660,-8.650,-3.122,-1.497,-0.522,0.865,-4.257,-4.271,-4.817,-2.791,-0.730,3.275,-3.824,0.838,-0.314,-2.177,-3.491,0.000,18.314,-14.339,-0.010,-0.014,42.987
82295.937,299.887,0.956,25.123,301.704,278.660,-9.948,-3.567,-2.031,-1.357,0.541,-5.088,-3.738,-5.138,-2.233,1.148,3.275,-3.187,1.152,-0.105,-1.348,-2.815,0.000,18.352,-14.359,-0.010,-0.030,42.987
82299.968,299.890,0.956,25.123,301.704,278.660,-9.083,-3.567,-1.818,-0.313,-0.648,-4.776,-4.058,-4.817,-2.679,0.209,3.592,-4.355,1.257,0.419,-1.866,-2.703,0.000,18.410,-14.430,-0.009,-0.014,42.987
82295.937,299.887,0.956,25.123,301.704,278.499,-8.974,-3.233,-2.245,-0.522,1.081,-5.191,-3.951,-4.496,-3.349,0.209,3.487,-3.718,0.733,0.314,-0.726,-3.266,0.000,18.410,-14.471,-0.007,-0.030,42.987
82304.000,299.888,0.956,25.125,301.784,278.339,-8.541,-2.564,-1.818,0.418,1.081,-4.153,-3.524,-4.603,-1.898,-0.313,4.226,-3.824,0.838,0.419,-1.555,-3.491,0.000,18.429,-14.562,-0.005,0.003,42.976
82295.937,299.887,0.956,25.113,301.467,278.019,-8.865,-3.567,-1.711,-1.566,0.541,-5.191,-4.592,-5.031,-2.679,0.209,3.592,-3.824,1.152,-0.418,-0.829,-2.590,0.000,18.410,-14.634,-0.002,-0.014,42.998
82299.968,299.883,0.956,25.119,301.625,278.499,-8.865,-2.676,-1.818,-0.626,0.324,-5.399,-4.485,-5.246,-2.679,-0.208,3.487,-3.930,1.466,1.361,-1.140,-2.703,0.000,18.372,-14.715,-0.000,-0.014,42.976
82299.968,299.885,0.956,25.119,301.625,278.179,-8.541,-3.456,-1.069,-0.418,1.081,-4.672,-3.631,-4.175,-2.902,0.209,3.909,-4.037,0.943,0.733,-1.140,-3.378,0.000,18.372,-14.786,0.003,0.003,42.976
82299.968,299.887,0.956,25.113,301.467,278.499,-8.973,-2.787,-2.566,-0.000,1.190,-4.672,-3.417,-4.924,-2.344,-0.521,3.698,-3.718,1.257,0.419,-0.933,-2.928,0.000,18.372,-14.877,0.006,-0.014,42.987
82295.937,299.888,0.956,25.117,301.546,278.179,-8.433,-2.899,-1.176,-0.626,0.000,-4.672,-4.912,-5.246,-3.349,-0.417,2.958,-4.037,1.152,-0.314,-1.244,-3.041,0.000,18.295,-14.949,0.010,-0.030,42.987
82295.937,299.888,0.956,25.120,301.625,278.179,-9.838,-3.233,-1.818,-0.209,0.649,-5.295,-3.951,-5.246,-3.014,0.626,3.275,-3.930,1.152,0.628,-1.451,-2.815,0.000,18.275,-15.020,0.014,0.003,42.987
82299.968,299.887,0.956,25.123,301.704,278.339,-8.865,-3.344,-1.711,-0.626,0.433,-4.776,-3.951,-4.924,-2.902,0.418,3.592,-3.930,1.676,0.209,-1.348,-2.815,0.000,18.275,-15.101,0.017,-0.014,43.009
82299.968,299.888,0.956,25.109,301.388,278.499,-8.757,-2.787,-2.673,-0.835,-0.108,-6.333,-4.805,-5.995,-3.014,-0.417,2.747,-3.930,0.419,0.837,-0.933,-3.491,0.000,18.256,-15.172,0.023,0.019,43.009
82295.937,299.888,0.956,25.117,301.546,278.179,-8.757,-2.230,-1.604,-0.000,0.757,-4.361,-4.592,-5.353,-2.902,-0.625,3.592,-3.824,1.047,-0.314,-1.762,-3.041,0.000,18.256,-15.233,0.026,0.019,42.998
82295.937,299.888,0.956,25.117,301.546,278.179,-10.162,-3.679,-2.459,-1.253,0.108,-5.088,-4.058,-4.603,-2.567,0.209,2.747,-3.187,1.152,0.314,-1.037,-2.928,0.000,18.198,-15.304,0.030,-0.014,42.998
82295.937,299.888,0.956,25.120,301.625,278.179,-8.433,-3.456,-2.245,-0.522,-0.540,-5.191,-4.271,-5.460,-3.460,0.000,3.804,-4.674,1.257,0.628,-1.348,-2.477,0.000,18.179,-15.355,0.032,0.003,42.987
82295.937,299.888,0.956,25.113,301.467,278.339,-8.865,-2.899,-2.352,-0.731,0.973,-5.607,-3.738,-4.496,-3.460,-0.208,4.015,-3.506,0.943,0.314,-1.140,-3.716,0.000,18.160,-15.365,0.036,0.003,42.987
82291.906,299.890,0.956,25.114,301.467,278.179,-9.405,-3.233,-2.031,-0.418,0.324,-3.945,-3.951,-4.603,-2.456,-0.521,3.170,-3.612,1.047,-0.209,-1.762,-3.266,0.000,18.179,-15.385,0.039,-0.030,42.976
82299.968,299.887,0.956,25.113,301.467,278.179,-9.838,-3.790,-2.138,-1.253,-0.756,-5.295,-3.844,-4.924,-2.679,0.940,3.487,-3.612,1.990,0.628,-0.311,-1.914,0.000,18.160,-15.385,0.041,0.003,42.987
82291.906,299.888,0.956,25.111,301.388,278.339,-7.892,-2.899,-0.855,0.105,0.865,-4.568,-4.058,-4.924,-2.791,0.626,3.170,-3.930,1.152,0.419,-2.073,-3.153,0.000,18.198,-15.385,0.044,0.003,42.987
82299.968,299.888,0.956,25.116,301.546,278.339,-8.865,-3.456,-2.031,-0.731,0.973,-5.191,-3.844,-4.282,-3.014,0.522,3.909,-3.612,1.885,0.628,-0.518,-3.716,0.000,18.179,-15.365,0.045,-0.014,42.976
82295.937,299.888,0.956,25.117,301.546,278.179,-8.757,-2.341,-2.245,-0.940,0.216,-5.088,-4.058,-5.138,-2.009,-0.313,3.275,-3.506,0.838,0.837,-0.726,-2.477,0.000,18.218,-15.325,0.046,-0.030,42.987
82299.968,299.890,0.956,25.109,301.388,277.859,-8.865,-3.010,-0.962,-0.000,1.298,-4.984,-3.738,-4.282,-2.679,0.835,3.804,-3.824,1.047,-0.523,-1.244,-2.928,0.000,18.275,-15.294,0.045,0.019,42.987
82299.968,299.890,0.956,25.113,301.467,278.339,-9.189,-3.679,-2.352,-0.940,0.000,-4.880,-3.844,-5.353,-2.456,0.313,3.064,-3.718,0.838,0.314,-2.177,-3.378,0.000,18.295,-15.253,0.046,-0.014,42.987
82291.906,299.890,0.956,25.117,301.546,278.179,-9.189,-3.790,-2.352,-0.522,1.081,-4.672,-4.058,-4.496,-3.126,0.209,3.275,-3.930,1.361,0.628,-0.829,-2.703,0.000,18.352,-15.162,0.045,0.003,42.976
82295.937,299.890,0.956,25.113,301.467,278.339,-8.973,-3.010,-2.566,-0.522,0.108,-5.710,-4.271,-5.246,-2.679,-0.521,2.747,-4.355,0.419,-0.105,-1.762,-3.378,0.000,18.352,-15.121,0.044,-0.014,42.987
82287.874,299.888,0.956,25.115,301.467,278.179,-8.865,-3.010,-1.497,-0.418,0.865,-4.568,-4.805,-4.282,-2.679,0.418,3.275,-4.249,0.943,-0.523,-2.177,-3.829,0.000,18.410,-15.060,0.043,0.003,42.998
82299.968,299.890,0.956,25.109,301.388,278.019,-10.487,-3.790,-2.673,-1.566,0.000,-5.607,-4.058,-5.460,-3.237,0.313,2.747,-4.143,1.361,0.733,-1.244,-2.815,0.000,18.449,-14.969,0.043,-0.014,42.998
82299.968,299.891,0.956,25.110,301.388,278.179,-8.324,-3.790,-1.711,-0.418,-0.216,-5.088,-4.165,-5.031,-3.014,0.313,2.958,-4.568,0.419,0.733,-1.762,-3.378,0.000,18.449,-14.888,0.040,-0.014,42.987
82291.906,299.888,0.956,25.107,301.309,277.859,-8.757,-2.899,-2.245,-0.626,0.324,-5.607,-4.592,-5.138,-2.345,0.209,3.064,-4.037,0.838,0.105,-1.348,-4.054,0.000,18.487,-14.827,0.039,0.003,42.987
82295.937,299.887,0.956,25.113,301.467,278.019,-8.757,-2.230,-1.925,0.105,0.541,-4.153,-3.738,-4.389,-2.456,-0.417,3.592,-3.718,1.047,0.000,-1.451,-2.252,0.000,18.564,-14.735,0.037,-0.046,42.998
82299.968,299.888,0.956,25.103,301.230,277.859,-9.405,-3.567,-2.138,-1.775,0.433,-5.191,-4.592,-5.353,-3.126,0.418,2.430,-3.930,0.943,-0.209,-1.244,-2.365,0.000,18.564,-14.684,0.036,-0.014,42.998
82291.906,299.888,0.956,25.107,301.309,278.179,-8.433,-3.790,-2.138,-0.522,-0.216,-5.088,-4.058,-4.817,-2.791,0.418,3.909,-4.462,1.152,0.419,-2.073,-2.928,0.000,18.622,-14.603,0.034,-0.014,42.987
82291.906,299.891,0.956,25.108,301.309,278.019,-8.649,-3.344,-1.069,0.105,1.190,-4.880,-3.631,-4.603,-3.238,0.313,3.698,-3.718,1.571,0.942,-0.933,-2.928,0.000,18.622,-14.542,0.033,-0.030,42.998
82299.968,299.890,0.956,25.106,301.309,277.699,-8.649,-2.899,-2.245,-0.522,0.865,-4.568,-4.271,-4.924,-2.345,-0.730,3.698,-3.824,0.942,0.523,-0.518,-2.365,0.000,18.660,-14.481,0.032,0.003,42.987
82299.968,299.888,0.956,25.103,301.230,277.859,-8.649,-3.010,-2.245,-0.940,0.541,-4.984,-4.805,-5.031,-2.233,0.000,3.381,-3.506,1.256,-0.523,-1.555,-3.153,0.000,18.622,-14.440,0.030,-0.014,42.998
82291.906,299.890,0.956,25.101,301.151,278.019,-8.974,-3.456,-2.031,-0.209,0.324,-4.880,-3.631,-5.353,-2.680,0.313,3.698,-3.930,1.047,0.523,-1.762,-3.378,0.000,18.622,-14.430,0.028,-0.046,42.987
82295.937,299.888,0.956,25.110,301.388,277.699,-9.407,-3.902,-1.925,-0.522,0.757,-4.568,-3.844,-4.603,-3.126,0.522,3.909,-4.037,1.466,0.733,-0.622,-2.815,0.000,18.622,-14.369,0.028,-0.014,42.976
82295.937,299.890,0.956,25.104,301.230,277.699,-9.299,-3.010,-2.780,-0.522,0.541,-5.710,-4.058,-4.710,-2.121,-0.104,3.592,-2.762,0.942,0.419,-1.037,-2.928,0.000,18.641,-14.369,0.026,0.003,42.976
82295.937,299.891,0.956,25.104,301.230,277.859,-8.866,-2.453,-1.390,-0.313,0.757,-4.568,-4.912,-4.817,-2.680,0.313,2.958,-3.824,1.571,-0.314,-1.451,-3.378,0.000,18.622,-14.359,0.026,0.003,42.998
82295.937,299.888,0.956,25.103,301.230,277.859,-9.515,-3.567,-1.711,-0.835,0.324,-4.568,-4.058,-4.710,-2.680,0.731,2.747,-3.187,2.199,0.628,-1.244,-3.041,0.000,18.602,-14.359,0.026,-0.014,42.987
82299.968,299.888,0.956,25.103,301.230,277.379,-8.542,-3.679,-1.818,-0.104,-0.108,-5.191,-4.165,-5.353,-3.573,-0.104,3.592,-4.993,0.942,0.314,-1.140,-2.928,0.000,18.583,-14.379,0.025,-0.030,42.987
82295.937,299.888,0.956,25.103,301.230,277.859,-9.623,-3.010,-2.138,-0.626,0.649,-6.022,-4.378,-4.710,-2.903,0.418,3.487,-3.612,1.256,-0.523,-1.140,-4.167,0.000,18.583,-14.369,0.024,0.035,42.987
82291.906,299.888,0.956,25.097,301.072,277.859,-9.299,-2.341,-2.352,-0.731,0.649,-4.672,-4.485,-5.246,-2.345,-0.625,2.853,-3.399,1.256,0.523,-0.933,-2.703,0.000,18.545,-14.379,0.024,-0.014,42.976
82291.906,299.890,0.956,25.094,300.993,277.699,-9.299,-3.233,-1.604,-0.835,0.649,-5.191,-3.951,-5.138,-3.014,0.626,2.958,-4.462,1.256,0.209,-1.451,-2.140,0.000,18.526,-14.410,0.024,-0.014,42.976
82291.906,299.891,0.956,25.094,300.993,277.539,-8.542,-3.233,-2.031,-0.313,-0.108,-5.088,-3.844,-5.138,-2.680,0.209,3.381,-4.780,0.314,0.523,-1.969,-3.378,0.000,18.526,-14.430,0.024,0.019,42.987
82295.937,299.888,0.956,25.094,300.993,277.699,-8.758,-3.679,-2.352,-0.626,0.216,-4.880,-4.485,-4.710,-3.684,0.104,3.698,-4.143,1.361,0.837,-0.622,-2.815,0.000,18.506,-14.471,0.022,-0.030,42.987
82291.906,299.888,0.956,25.097,301.072,277.859,-8.866,-2.230,-2.031,0.209,0.757,-5.088,-4.058,-4.496,-1.675,-0.208,3.381,-3.506,0.838,0.733,-1.037,-3.266,0.000,18.468,-14.481,0.022,0.019,42.998
82299.968,299.888,0.956,25.086,300.835,278.019,-8.974,-3.344,-1.497,-0.626,0.324,-4.984,-4.699,-4.710,-2.903,0.418,3.804,-3.399,1.990,0.000,-1.140,-2.590,0.000,18.487,-14.501,0.022,-0.014,42.998
82291.906,299.888,0.956,25.097,301.072,277.699,-8.758,-3.344,-1.390,-0.418,0.324,-5.088,-4.058,-5.781,-2.903,0.626,3.170,-3.824,0.838,0.523,-1.348,-2.928,0.000,18.468,-14.522,0.020,-0.014,42.987
82287.874,299.893,0.956,25.088,300.835,277.859,-9.083,-4.125,-1.711,-0.313,0.649,-4.257,-4.165,-4.282,-2.791,0.940,4.332,-4.143,1.466,1.151,-1.451,-3.266,0.000,18.526,-14.552,0.019,0.003,42.987
82295.937,299.887,0.956,25.094,300.993,277.859,-9.407,-2.787,-2.031,-0.418,0.108,-5.607,-4.485,-4.817,-2.568,-0.521,2.958,-3.612,0.000,0.314,-1.244,-3.491,0.000,18.506,-14.562,0.019,-0.014,42.987
82287.874,299.888,0.956,25.092,300.914,277.699,-9.189,-3.010,-2.138,-0.522,0.433,-4.257,-4.378,-4.282,-2.680,-0.208,3.592,-3.612,1.780,0.209,-1.451,-2.928,0.000,18.545,-14.562,0.017,-0.030,42.976
82291.906,299.891,0.956,25.094,300.993,277.699,-9.838,-3.344,-2.245,-1.357,0.324,-4.776,-3.951,-5.138,-2.568,0.418,2.430,-3.612,1.257,-0.105,-0.933,-2.928,0.000,18.583,-14.552,0.015,-0.014,42.987
82299.968,299.890,0.956,25.093,300.993,278.019,-8.865,-3.344,-1.925,-0.313,0.000,-4.776,-4.058,-4.496,-2.456,0.522,4.015,-4.249,1.152,0.419,-1.451,-3.041,0.000,18.660,-14.562,0.014,0.003,42.966
82287.874,299.893,0.956,25.092,300.914,278.019,-8.973,-3.344,-2.352,-0.626,0.541,-5.399,-4.165,-5.246,-3.126,-0.000,3.275,-4.249,0.943,0.523,-1.451,-3.716,0.000,18.622,-14.532,0.012,-0.014,42.987
82295.937,299.891,0.956,25.084,300.756,278.019,-9.405,-2.787,-2.780,-0.522,0.649,-4.465,-4.378,-4.817,-2.345,-0.104,3.381,-3.824,0.838,0.105,-2.073,-3.041,0.000,18.718,-14.512,0.011,0.003,42.987
82291.906,299.890,0.956,25.088,300.835,277.859,-10.054,-3.233,-2.031,-1.148,-0.324,-5.088,-4.271,-5.888,-3.126,0.522,2.958,-3.506,1.571,-0.836,-1.140,-2.477,0.000,18.833,-14.491,0.010,0.003,42.966
82295.937,299.891,0.956,25.084,300.756,278.019,-9.081,-2.564,-1.711,0.418,0.324,-4.361,-3.951,-4.496,-2.791,0.313,3.381,-4.249,1.047,0.523,-2.280,-3.153,0.000,18.853,-14.471,0.008,-0.014,42.987
82295.937,299.890,0.956,25.087,300.835,278.019,-9.514,-4.013,-2.245,-0.000,0.865,-5.399,-4.378,-4.603,-3.573,-0.104,2.958,-4.355,1.047,0.209,-1.348,-3.378,0.000,18.930,-14.440,0.006,0.003,42.987
82295.937,299.890,0.956,25.090,300.914,278.019,-9.081,-2.453,-3.101,-0.209,0.324,-4.984,-4.378,-4.496,-2.344,-0.417,3.381,-3.187,1.047,1.256,-1.037,-2.928,0.000,19.026,-14.379,0.006,0.003,42.976
82291.906,299.891,0.956,25.091,300.914,278.019,-9.081,-2.787,-1.390,-1.044,0.865,-3.945,-4.058,-4.710,-2.009,0.418,3.698,-3.718,1.780,0.523,-1.451,-2.815,0.000,19.084,-14.349,0.005,-0.030,42.987
82291.906,299.891,0.956,25.088,300.835,277.699,-8.973,-3.456,-1.711,-0.104,0.108,-4.984,-4.592,-5.995,-2.567,0.522,3.170,-4.143,0.733,0.419,-1.762,-3.266,0.000,19.161,-14.329,0.004,-0.014,42.987
82304.000,299.893,0.956,25.083,300.756,277.859,-8.757,-4.013,-2.138,-0.209,0.433,-4.776,-3.951,-4.710,-3.572,0.626,3.592,-4.568,1.047,0.733,-1.037,-3.378,0.000,19.238,-14.298,0.004,0.003,42.976
82295.937,299.890,0.956,25.087,300.835,277.699,-8.973,-2.676,-2.459,-0.835,0.000,-6.230,-4.805,-4.603,-2.456,0.104,3.381,-3.612,0.524,-0.105,-0.933,-3.153,0.000,19.276,-14.247,0.005,0.003,42.987
82304.000,299.890,0.956,25.086,300.835,278.019,-8.865,-2.676,-1.497,-0.104,0.541,-4.465,-4.378,-4.389,-2.679,0.313,3.909,-3.930,1.571,0.314,-1.348,-2.815,0.000,19.353,-14.227,0.006,-0.046,42.998
82304.000,299.890,0.956,25.086,300.835,278.019,-9.622,-3.567,-2.245,-0.731,0.649,-4.984,-4.165,-5.353,-3.237,0.104,2.536,-4.037,0.838,-0.314,-1.555,-3.266,0.000,19.449,-14.197,0.007,-0.014,42.998
82299.968,299.891,0.956,25.090,300.914,278.179,-8.649,-3.902,-2.352,-0.940,-0.216,-5.399,-4.378,-5.246,-3.126,0.000,3.275,-4.568,0.628,0.105,-1.866,-3.491,0.000,19.469,-14.197,0.010,-0.014,42.976
82299.968,299.890,0.956,25.096,301.072,278.019,-9.297,-3.790,-2.352,-0.522,0.433,-5.503,-4.165,-4.496,-2.679,0.522,3.909,-3.612,0.943,0.733,-0.933,-3.491,0.000,19.507,-14.166,0.012,-0.014,42.976
82308.031,299.888,0.956,25.092,300.993,278.179,-8.973,-2.341,-2.031,-0.209,0.433,-4.361,-4.271,-4.924,-2.344,-0.208,3.804,-3.506,1.047,0.523,-1.658,-2.703,0.000,19.565,-14.156,0.014,-0.014,42.976
82308.031,299.888,0.956,25.092,300.993,278.179,-9.297,-2.787,-1.925,-1.357,0.108,-5.088,-4.699,-5.674,-2.679,0.209,2.430,-4.037,1.047,-0.523,-1.140,-2.590,0.000,19.623,-14.166,0.019,0.003,42.987
82308.031,299.890,0.956,25.092,300.993,278.179,-8.649,-3.122,-1.818,-0.104,0.216,-5.399,-3.844,-5.353,-2.009,0.835,3.909,-3.930,1.571,0.733,-1.762,-2.928,0.000,19.642,-14.176,0.023,-0.030,42.998
82308.031,299.890,0.956,25.092,300.993,278.019,-8.541,-3.344,-2.245,-0.209,1.081,-5.191,-3.951,-4.282,-3.237,1.044,3.592,-3.506,1.152,0.628,-0.726,-2.928,0.000,19.700,-14.186,0.027,-0.030,42.976
82308.031,299.888,0.956,25.092,300.993,278.339,-9.406,-2.899,-2.566,-1.148,-0.324,-5.088,-4.912,-5.246,-2.791,-0.521,2.853,-4.462,0.419,-0.105,-1.244,-3.041,0.000,19.719,-14.207,0.030,0.003,42.998
82308.031,299.890,0.956,25.098,301.151,278.179,-9.297,-3.122,-1.390,-0.835,0.108,-4.984,-4.592,-4.817,-3.237,0.418,3.381,-3.824,1.571,-0.836,-0.726,-2.703,0.000,19.719,-14.237,0.035,0.003,42.976
82312.063,299.888,0.956,25.091,300.993,278.499,-9.081,-3.122,-1.818,-0.418,0.000,-4.880,-3.951,-5.567,-2.791,0.104,2.958,-4.249,1.047,0.419,-1.762,-3.716,0.000,19.757,-14.247,0.041,-0.030,42.976
82312.063,299.891,0.956,25.095,301.072,278.339,-9.081,-4.236,-1.711,0.105,0.541,-4.880,-3.738,-4.282,-3.349,0.522,4.120,-4.249,1.257,0.733,-1.348,-2.928,0.000,19.776,-14.268,0.044,-0.014,42.966
82308.031,299.890,0.956,25.098,301.151,278.660,-9.297,-2.453,-2.673,-0.835,0.433,-5.814,-3.951,-5.138,-2.679,-0.834,2.958,-3.718,0.838,0.523,-1.140,-3.378,0.000,19.796,-14.288,0.050,0.003,42.987
82304.000,299.887,0.956,25.102,301.230,278.179,-9.189,-2.564,-2.031,-0.522,0.865,-4.465,-4.699,-4.817,-2.344,0.104,3.170,-4.143,0.943,-0.209,-1.658,-3.378,0.000,19.796,-14.339,0.054,-0.030,42.976
82304.000,299.887,0.956,25.096,301.072,278.499,-9.946,-3.456,-2.352,-0.313,0.108,-5.503,-4.699,-5.781,-3.014,0.626,2.747,-4.037,0.943,0.837,-0.311,-2.928,0.000,19.853,-14.359,0.059,0.003,42.976
82304.000,299.888,0.956,25.099,301.151,278.339,-8.216,-3.567,-1.604,-0.000,0.865,-4.465,-4.271,-4.389,-2.456,0.731,4.120,-4.568,1.152,0.419,-1.969,-3.041,0.000,19.853,-14.400,0.063,0.035,42.998
82299.968,299.888,0.956,25.106,301.309,278.339,-9.622,-3.567,-3.208,-1.253,-0.216,-6.022,-5.126,-5.888,-3.349,-0.625,3.064,-4.143,1.361,0.000,-1.037,-3.491,0.000,19.873,-14.400,0.068,0.003,42.987
82299.968,299.888,0.956,25.103,301.230,278.499,-8.541,-2.564,-2.138,-0.000,1.081,-4.153,-3.738,-4.496,-2.344,-0.730,3.487,-3.505,1.466,0.419,-1.348,-2.590,0.000,19.930,-14.430,0.071,-0.030,43.009
82312.063,299.887,0.956,25.098,301.151,278.339,-9.946,-3.790,-1.818,-1.148,0.649,-4.880,-4.058,-4.817,-3.126,0.835,2.536,-4.143,1.257,-0.105,-0.933,-2.590,0.000,19.969,-14.461,0.074,-0.030,43.009
82299.968,299.885,0.956,25.109,301.388,278.660,-8.650,-3.233,-1.925,-0.209,0.324,-4.568,-3.844,-4.924,-2.791,0.418,3.592,-4.143,0.524,1.047,-2.384,-3.266,0.000,20.007,-14.471,0.077,-0.030,42.976
82304.000,299.888,0.956,25.109,301.388,278.660,-9.191,-3.679,-2.245,-0.209,0.865,-5.295,-4.165,-4.924,-3.237,0.000,3.804,-3.930,1.571,0.837,-0.415,-3.266,0.000,20.027,-14.440,0.079,-0.014,42.998
82312.063,299.890,0.956,25.104,301.309,278.660,-8.650,-2.676,-2.994,-0.313,0.649,-4.880,-4.058,-4.817,-1.786,-0.313,3.592,-3.718,0.733,0.733,-2.073,-3.153,0.000,20.123,-14.451,0.081,-0.014,42.976
82308.031,299.887,0.956,25.108,301.388,278.499,-9.299,-4.348,-2.138,-1.148,0.541,-5.503,-4.485,-5.246,-2.791,0.104,3.804,-3.824,1.571,-0.732,-1.140,-3.378,0.000,20.181,-14.451,0.084,0.003,42.987
82304.000,299.890,0.956,25.109,301.388,278.660,-8.974,-3.344,-2.031,-0.522,0.216,-4.776,-3.738,-5.888,-3.126,0.104,3.275,-4.143,0.838,0.000,-1.866,-2.477,0.000,20.219,-14.430,0.084,0.003,42.998
82308.031,299.888,0.956,25.118,301.625,278.820,-8.866,-3.902,-2.138,-0.522,0.541,-4.568,-3.951,-4.603,-2.902,0.209,3.592,-3.930,1.466,0.837,-0.829,-2.928,0.000,20.277,-14.410,0.085,-0.030,42.976
82299.968,299.890,0.956,25.113,301.467,278.339,-8.758,-2.899,-2.459,-0.731,0.865,-5.399,-4.592,-4.817,-1.898,-0.104,3.487,-3.505,0.943,0.314,-1.659,-3.153,0.000,20.373,-14.390,0.085,-0.014,42.987
82299.968,299.888,0.956,25.113,301.467,278.660,-8.974,-2.676,-1.390,-0.418,0.865,-4.568,-4.378,-4.924,-2.791,0.000,3.909,-4.037,1.676,0.209,-1.451,-2.815,0.000,20.412,-14.349,0.086,-0.014,42.976
82299.968,299.891,0.956,25.119,301.625,278.660,-9.948,-4.125,-2.352,-0.731,0.000,-5.191,-4.378,-5.674,-3.573,-0.313,2.430,-3.612,1.152,-0.209,-1.659,-3.266,0.000,20.450,-14.339,0.086,0.003,42.976
82291.906,299.890,0.956,25.114,301.467,278.499,-8.974,-3.902,-1.818,-0.104,0.000,-4.465,-4.165,-4.389,-2.568,0.313,3.804,-4.143,1.257,0.523,-1.348,-2.477,0.000,20.546,-14.288,0.085,-0.030,42.987
82291.906,299.891,0.956,25.114,301.467,278.660,-9.083,-3.233,-2.031,-0.209,0.757,-6.126,-3.951,-4.282,-3.349,0.626,3.698,-4.143,0.943,-0.105,-1.659,-4.167,0.000,20.643,-14.268,0.085,-0.014,42.976
82299.968,299.890,0.956,25.113,301.467,278.339,-8.866,-3.010,-2.352,-0.940,0.324,-4.880,-4.912,-5.353,-2.233,-0.521,3.275,-3.930,0.943,0.314,-1.659,-3.378,0.000,20.643,-14.237,0.084,-0.014,42.976
82295.937,299.890,0.956,25.123,301.704,278.339,-9.731,-3.567,-1.604,-0.835,0.216,-4.984,-4.378,-4.817,-2.680,0.626,2.853,-3.612,1.780,0.105,-1.037,-2.477,0.000,20.720,-14.207,0.084,-0.014,42.976
82291.906,299.888,0.956,25.124,301.704,278.339,-8.218,-2.899,-1.497,-0.313,0.216,-4.568,-4.271,-5.031,-2.456,0.418,3.698,-4.568,0.524,0.523,-2.695,-3.604,0.000,20.739,-14.207,0.085,-0.014,42.987
82304.000,299.890,0.956,25.122,301.704,278.660,-9.623,-3.567,-2.673,-0.835,0.541,-5.814,-4.165,-5.031,-3.014,0.835,3.804,-3.824,1.885,0.419,-0.726,-3.604,0.000,20.816,-14.166,0.085,-0.014,42.987
82295.937,299.893,0.956,25.117,301.546,278.660,-8.758,-2.899,-2.031,-0.522,0.865,-4.984,-4.058,-4.817,-2.791,-1.251,3.064,-3.399,1.152,0.523,-1.037,-2.365,0.000,20.835,-14.176,0.084,-0.030,42.987
82295.937,299.891,0.956,25.117,301.546,278.339,-9.083,-3.233,-1.711,-0.940,0.865,-4.465,-4.805,-5.246,-2.903,0.626,3.487,-3.930,1.047,-0.836,-2.073,-2.815,0.000,20.835,-14.156,0.084,-0.030,42.987
82295.937,299.893,0.956,25.120,301.625,278.660,-9.407,-3.567,-1.925,-0.313,0.000,-5.191,-4.378,-6.209,-2.791,0.418,3.381,-4.143,1.361,0.419,-1.451,-3.604,0.000,20.854,-14.176,0.085,-0.014,42.987
82299.968,299.891,0.956,25.116,301.546,278.499,-8.866,-4.013,-2.566,-0.940,0.433,-5.191,-4.271,-4.603,-3.461,0.731,4.649,-4.037,1.989,0.837,-0.829,-2.590,0.000,20.816,-14.186,0.087,-0.030,42.998
82304.000,299.891,0.956,25.112,301.467,278.499,-8.218,-2.787,-2.031,-0.522,0.324,-5.607,-4.271,-5.460,-2.903,-0.313,2.853,-3.930,0.838,-0.209,-1.658,-3.153,0.000,20.835,-14.227,0.088,0.019,42.987
82295.937,299.893,0.956,25.120,301.625,278.499,-8.974,-3.010,-1.604,-0.000,0.649,-4.049,-4.058,-4.603,-1.563,0.209,4.437,-3.930,1.989,0.105,-1.658,-2.365,0.000,20.816,-14.237,0.089,-0.030,42.998
82304.000,299.891,0.956,25.122,301.704,278.339,-9.731,-3.790,-2.138,-1.148,0.433,-4.984,-3.844,-5.031,-2.680,0.209,2.958,-3.506,1.361,0.000,-1.037,-2.590,0.000,20.797,-14.298,0.092,-0.030,42.987
82295.937,299.890,0.956,25.120,301.625,278.499,-8.434,-3.344,-1.925,-0.522,-0.108,-5.399,-4.378,-4.924,-2.568,0.313,3.909,-4.143,0.524,0.942,-1.451,-2.590,0.000,20.797,-14.359,0.093,0.003,42.987
82295.937,299.890,0.956,25.113,301.467,278.499,-9.083,-3.010,-1.818,-1.044,0.757,-5.918,-4.378,-5.246,-3.796,0.209,2.853,-4.037,1.466,-0.105,-1.140,-3.941,0.000,20.758,-14.420,0.096,0.003,42.976
82287.874,299.893,0.956,25.121,301.625,278.339,-9.083,-3.122,-1.711,-0.104,0.865,-3.945,-3.738,-4.496,-1.563,-0.521,3.487,-3.718,1.152,0.419,-1.969,-3.041,0.000,20.720,-14.451,0.099,0.003,42.976
82299.968,299.890,0.956,25.113,301.467,278.660,-9.731,-3.456,-2.352,-1.357,0.000,-5.295,-4.485,-5.246,-2.233,0.940,3.592,-3.612,2.094,0.209,-1.037,-2.027,0.000,20.700,-14.542,0.101,-0.014,42.987
82299.968,299.893,0.956,25.113,301.467,278.339,-7.893,-3.010,-1.283,0.105,-0.108,-4.880,-4.378,-5.567,-2.567,0.313,3.487,-4.037,1.361,0.419,-1.866,-2.477,0.000,20.662,-14.644,0.105,0.003,42.987
82295.937,299.893,0.956,25.114,301.467,278.339,-9.515,-3.122,-1.925,-0.313,0.541,-4.984,-3.524,-4.817,-3.795,-0.000,3.275,-4.037,1.466,0.000,-0.829,-3.491,0.000,20.623,-14.694,0.108,0.003,42.987
82308.031,299.890,0.956,25.118,301.625,278.179,-8.650,-2.564,-2.138,-0.418,0.757,-4.465,-3.951,-5.567,-2.121,-0.730,2.958,-4.143,0.733,0.000,-1.762,-3.153,0.000,20.604,-14.776,0.111,-0.014,42.987
82299.968,299.891,0.956,25.113,301.467,278.179,-9.623,-3.567,-1.925,-1.357,-0.108,-4.568,-5.019,-5.138,-2.344,0.209,3.698,-4.037,1.885,-0.627,-0.622,-2.477,0.000,20.604,-14.847,0.113,0.003,42.987
82304.000,299.891,0.956,25.109,301.388,278.179,-8.650,-3.233,-1.497,-0.313,0.216,-5.399,-4.165,-5.888,-3.572,0.104,2.853,-3.930,0.943,0.523,-1.969,-3.604,0.000,20.546,-14.918,0.116,-0.014,42.976
82304.000,299.891,0.956,25.116,301.546,278.339,-9.515,-4.013,-1.711,-0.731,1.081,-4.568,-3.524,-5.031,-3.460,0.313,3.698,-4.249,1.361,0.628,-1.037,-3.604,0.000,20.566,-14.979,0.118,-0.014,42.987
82304.000,299.890,0.956,25.119,301.625,278.339,-9.514,-3.122,-3.314,-0.313,0.216,-5.503,-4.805,-4.817,-2.791,-0.313,3.170,-4.249,0.105,0.105,-1.658,-3.491,0.000,20.585,-15.050,0.120,0.003,43.009
82299.968,299.890,0.956,25.113,301.467,278.339,-9.297,-2.899,-1.604,-0.522,0.216,-4.568,-4.912,-4.603,-2.456,0.940,3.698,-3.824,1.780,-0.314,-1.451,-3.153,0.000,20.604,-15.091,0.122,0.003,42.976
82304.000,299.895,0.956,25.106,301.309,278.179,-9.406,-3.790,-2.138,-1.148,-0.108,-5.399,-4.378,-5.781,-3.014,-0.104,2.958,-3.506,0.628,0.837,-1.244,-2.928,0.000,20.585,-15.162,0.123,-0.030,42.998
82295.937,299.891,0.956,25.110,301.388,278.339,-8.541,-3.902,-1.818,-0.313,0.433,-5.088,-3.524,-5.031,-3.126,-0.104,3.909,-4.780,0.733,1.047,-1.140,-3.041,0.000,20.604,-15.172,0.125,-0.014,42.998
82304.000,299.891,0.956,25.112,301.467,278.179,-9.514,-3.010,-2.459,-0.731,0.649,-5.814,-3.951,-4.282,-2.456,-0.625,3.275,-3.612,0.105,-0.209,-0.933,-3.716,0.000,20.700,-15.233,0.124,-0.014,42.987
82304.000,299.891,0.956,25.116,301.546,278.499,-9.406,-2.676,-1.925,-0.313,1.190,-4.257,-4.271,-4.817,-1.674,0.313,4.437,-3.187,1.257,-0.105,-1.140,-2.365,0.000,20.681,-15.253,0.124,0.003,42.987
82295.937,299.893,0.956,25.114,301.467,278.339,-9.838,-3.456,-2.245,-0.835,0.000,-4.880,-4.058,-5.353,-2.791,0.418,2.641,-4.462,1.466,0.000,-1.244,-3.153,0.000,20.758,-15.284,0.125,-0.030,42.998
82304.000,299.891,0.956,25.106,301.309,278.499,-8.757,-3.790,-2.245,-0.626,-0.324,-5.088,-4.912,-5.460,-3.237,-0.104,3.487,-4.355,1.466,0.209,-2.073,-3.491,0.000,20.835,-15.284,0.124,0.003,42.998
82299.968,299.888,0.956,25.109,301.388,278.499,-9.406,-3.122,-1.711,0.105,1.298,-5.088,-3.738,-4.389,-3.126,0.626,3.487,-4.143,1.152,0.314,-0.829,-3.941,0.000,20.873,-15.294,0.122,-0.014,42.998
82304.000,299.890,0.956,25.109,301.388,278.820,-9.297,-3.456,-2.566,-0.940,0.216,-5.399,-4.378,-5.353,-2.679,-0.730,3.275,-3.930,0.524,0.314,-1.555,-3.153,0.000,20.970,-15.294,0.122,-0.046,42.987
82299.968,299.888,0.956,25.109,301.388,278.499,-9.622,-3.122,-2.031,-1.253,0.649,-4.984,-4.699,-5.138,-2.567,0.418,3.804,-3.930,1.571,-0.314,-1.037,-2.252,0.000,21.027,-15.284,0.119,0.003,42.998
82299.968,299.893,0.956,25.113,301.467,278.660,-8.649,-3.233,-1.925,-0.731,-0.432,-5.399,-4.378,-5.567,-3.349,0.418,3.487,-3.612,1.466,0.837,-1.037,-2.928,0.000,21.066,-15.294,0.118,-0.030,42.987
82304.000,299.891,0.956,25.112,301.467,278.339,-8.216,-3.344,-1.818,-0.104,0.541,-4.465,-3.844,-4.603,-2.902,0.313,3.909,-4.674,0.943,0.523,-1.451,-3.378,0.000,21.201,-15.274,0.117,-0.030,42.987
82304.000,299.890,0.956,25.106,301.309,278.660,-9.189,-3.010,-2.673,-0.731,0.000,-5.503,-4.805,-4.924,-2.009,-0.521,3.698,-3.612,0.314,0.000,-1.244,-3.153,0.000,21.239,-15.264,0.115,0.003,42.966
82304.000,299.891,0.956,25.112,301.467,278.660,-9.081,-3.233,-1.604,-0.731,0.757,-4.153,-4.805,-4.389,-2.009,0.731,3.909,-3.506,2.094,0.105,-1.140,-2.590,0.000,21.297,-15.264,0.113,0.003,42.976
82299.968,299.891,0.956,25.113,301.467,278.820,-9.514,-3.344,-1.604,-0.104,0.433,-5.088,-4.378,-5.781,-2.456,0.209,2.641,-3.824,1.047,0.419,-0.933,-2.815,0.000,21.355,-15.264,0.111,-0.014,43.009
82299.968,299.891,0.956,25.113,301.467,278.980,-8.757,-3.344,-1.818,-0.104,0.324,-4.672,-4.058,-4.496,-2.902,0.000,3.275,-4.674,1.152,0.209,-1.762,-3.041,0.000,21.432,-15.284,0.108,-0.014,42.998
82295.937,299.891,0.956,25.120,301.625,278.660,-8.757,-2.899,-2.352,-0.000,0.649,-5.295,-3.951,-4.282,-2.567,0.418,3.487,-3.506,1.257,0.000,-0.829,-3.604,0.000,21.489,-15.253,0.107,-0.014,42.987
82299.968,299.890,0.956,25.116,301.546,278.660,-9.189,-3.122,-1.604,-0.522,0.865,-4.153,-4.271,-4.496,-2.233,-0.417,3.698,-3.930,1.571,0.314,-0.829,-3.041,0.000,21.509,-15.284,0.105,-0.014,43.009
82299.968,299.888,0.956,25.119,301.625,278.820,-9.730,-3.567,-2.031,-1.879,0.865,-4.984,-4.592,-5.031,-3.237,0.731,3.275,-3.399,1.466,-0.209,-0.622,-2.365,0.000,21.566,-15.284,0.103,-0.030,42.987
82304.000,299.890,0.956,25.122,301.704,278.660,-8.216,-3.233,-1.283,-0.104,-0.324,-4.984,-4.485,-5.781,-3.349,-0.417,3.064,-4.462,1.047,0.942,-2.177,-3.041,0.000,21.605,-15.314,0.101,-0.014,42.976
82299.968,299.888,0.956,25.113,301.467,278.660,-9.081,-3.344,-2.138,-0.418,0.108,-5.918,-4.271,-5.567,-3.237,-0.313,3.064,-3.930,0.733,0.000,-1.140,-3.941,0.000,21.624,-15.345,0.101,-0.014,42.987
82304.000,299.890,0.956,25.119,301.625,278.820,-8.973,-2.787,-2.138,-0.209,0.541,-4.672,-4.058,-4.710,-2.233,-0.417,3.381,-3.824,0.838,0.209,-1.348,-3.378,0.000,21.624,-15.365,0.100,-0.014,42.987
82299.968,299.890,0.956,25.119,301.625,278.980,-10.270,-3.344,-2.031,-1.984,-0.216,-5.191,-4.699,-5.031,-2.567,0.626,3.487,-3.293,1.361,-0.105,-1.037,-2.252,0.000,21.643,-15.406,0.098,0.003,42.976
82295.937,299.890,0.956,25.120,301.625,278.980,-8.541,-2.899,-1.711,-0.418,0.216,-4.984,-4.378,-6.102,-2.791,0.000,3.275,-3.824,0.628,0.837,-1.658,-2.815,0.000,21.701,-15.457,0.097,0.003,42.966
82299.968,299.891,0.956,25.123,301.704,278.660,-8.973,-4.013,-1.390,-0.000,1.081,-4.672,-4.165,-4.389,-3.014,0.731,3.909,-4.143,1.571,0.733,-0.829,-3.153,0.000,21.682,-15.487,0.097,-0.014,42.976
82295.937,299.891,0.956,25.127,301.784,279.140,-9.081,-2.453,-2.138,0.314,0.541,-4.568,-3.631,-4.068,-1.340,0.313,4.437,-3.187,0.838,1.047,-0.933,-3.491,0.000,21.701,-15.558,0.097,-0.014,43.009
82299.968,299.891,0.956,25.133,301.942,278.980,-8.865,-2.564,-1.711,-0.731,0.541,-4.880,-4.805,-5.138,-2.903,0.522,2.853,-3.612,1.676,0.105,-1.348,-2.590,0.000,21.701,-15.599,0.096,0.003,42.998
82291.906,299.891,0.956,25.131,301.863,279.300,-10.162,-3.122,-1.818,-1.357,0.216,-5.191,-4.058,-5.781,-2.456,0.418,3.275,-3.081,1.885,0.733,-1.658,-2.590,0.000,21.740,-15.629,0.095,0.003,42.987
82299.968,299.888,0.956,25.129,301.863,278.820,-8.324,-4.348,-1.925,-0.313,0.865,-4.568,-4.058,-4.496,-2.233,0.731,4.332,-3.824,1.571,0.837,-1.348,-3.266,0.000,21.797,-15.700,0.095,-0.014,42.987
82295.937,299.891,0.956,25.133,301.942,279.300,-8.433,-3.902,-2.138,-0.835,0.216,-5.710,-4.912,-4.924,-2.568,-0.208,3.275,-3.506,0.838,-0.523,-0.726,-2.928,0.000,21.836,-15.731,0.094,0.019,42.966
82295.937,299.893,0.956,25.143,302.179,279.140,-8.541,-2.564,-1.283,0.314,0.865,-4.361,-4.271,-3.961,-1.786,0.000,3.909,-3.187,1.466,-0.732,-1.451,-3.153,0.000,21.817,-15.772,0.093,-0.014,42.987
82291.906,299.891,0.956,25.144,302.179,279.460,-9.839,-3.567,-3.101,-1.566,0.000,-5.503,-5.019,-5.353,-3.238,0.104,2.536,-4.037,0.524,-0.418,-1.658,-3.041,0.000,21.894,-15.802,0.093,-0.030,42.987
82299.968,299.891,0.956,25.146,302.258,279.460,-9.083,-3.456,-1.818,-0.731,-0.432,-5.191,-4.058,-5.138,-2.791,0.209,3.804,-4.674,0.524,0.419,-1.451,-2.590,0.000,21.971,-15.843,0.092,-0.014,42.987
82291.906,299.890,0.956,25.147,302.258,279.620,-8.542,-2.899,-2.245,0.209,1.406,-4.880,-3.631,-4.389,-3.349,0.313,3.170,-3.824,0.942,-0.105,-0.829,-3.941,0.000,22.028,-15.853,0.091,-0.014,42.976
82295.937,299.893,0.956,25.150,302.337,279.300,-9.515,-2.676,-2.459,-0.626,0.216,-5.088,-4.485,-4.710,-2.791,-0.417,3.381,-3.930,1.152,-0.209,-1.555,-2.928,0.000,22.124,-15.873,0.089,0.019,42.987
82295.937,299.890,0.956,25.146,302.258,279.620,-10.272,-3.902,-2.138,-1.357,0.216,-4.880,-4.592,-5.246,-3.238,0.522,2.958,-3.824,0.838,-0.418,-1.348,-2.590,0.000,22.201,-15.873,0.089,-0.014,42.966
82287.874,299.888,0.956,25.151,302.337,279.620,-9.083,-3.679,-1.925,-0.418,-0.432,-5.607,-4.699,-6.851,-3.126,-0.208,3.170,-4.249,0.524,0.523,-2.073,-3.153,0.000,22.317,-15.894,0.087,-0.014,42.987
82299.968,299.888,0.956,25.149,302.337,279.460,-8.650,-3.902,-1.604,-0.522,0.973,-4.672,-4.058,-4.068,-2.456,0.940,3.381,-3.930,1.047,0.523,-0.829,-3.041,0.000,22.432,-15.883,0.085,0.003,42.976
82299.968,299.890,0.956,25.159,302.574,279.300,-9.083,-2.118,-2.352,-0.209,0.324,-4.984,-4.271,-4.496,-2.010,-0.417,3.170,-3.824,0.419,0.000,-2.073,-3.604,0.000,22.529,-15.904,0.084,-0.030,42.987
82304.000,299.890,0.956,25.158,302.574,279.300,-10.056,-3.344,-1.925,-1.044,-0.108,-5.399,-4.592,-5.138,-2.456,0.000,3.698,-4.249,1.256,0.000,-1.658,-2.590,0.000,22.644,-15.873,0.081,-0.014,42.976
82304.000,299.890,0.956,25.158,302.574,279.460,-9.839,-3.456,-1.925,-0.731,0.433,-5.088,-4.592,-5.353,-2.679,0.731,3.064,-3.930,1.571,0.209,-1.244,-3.153,0.000,22.817,-15.853,0.079,-0.014,42.987
82299.968,299.888,0.956,25.162,302.653,279.460,-8.542,-4.013,-1.925,-1.148,0.433,-4.672,-3.844,-4.603,-2.679,0.209,3.909,-3.824,1.047,0.733,-1.348,-2.590,0.000,22.971,-15.843,0.077,-0.014,43.009
82295.937,299.890,0.956,25.159,302.574,279.780,-8.866,-2.899,-1.711,-0.313,0.973,-5.503,-4.271,-5.246,-2.567,-0.104,3.487,-4.037,1.256,0.314,-0.726,-3.266,0.000,23.125,-15.802,0.074,-0.014,42.998
82299.968,299.891,0.956,25.169,302.811,279.780,-8.758,-3.010,-2.245,-0.418,0.541,-4.568,-4.592,-4.710,-2.344,-0.313,3.698,-3.612,1.466,0.523,-0.933,-2.815,0.000,23.279,-15.782,0.072,0.003,42.966
82295.937,299.888,0.956,25.163,302.653,279.780,-10.813,-4.236,-2.673,-1.253,0.324,-4.776,-3.310,-4.389,-2.567,0.835,2.958,-3.824,1.257,0.314,-1.037,-2.140,0.000,23.433,-15.782,0.071,0.003,42.987
82291.906,299.890,0.956,25.167,302.732,279.780,-8.218,-3.344,-1.497,-0.313,0.108,-5.088,-4.592,-5.031,-3.014,0.104,3.381,-4.780,0.838,-0.000,-2.073,-3.153,0.000,23.626,-15.772,0.068,0.003,42.976
82295.937,299.890,0.956,25.166,302.732,279.780,-8.326,-3.344,-2.031,-0.731,0.324,-6.022,-5.126,-5.567,-3.907,-0.313,2.747,-4.037,0.733,0.419,-1.348,-3.604,0.000,23.780,-15.772,0.066,-0.014,42.987
82299.968,299.888,0.956,25.169,302.811,279.780,-8.973,-2.899,-2.245,-0.313,0.865,-4.672,-3.738,-5.031,-1.898,-0.313,3.698,-2.974,0.733,0.314,-1.866,-3.378,0.000,23.953,-15.751,0.065,-0.014,42.976
82295.937,299.888,0.956,25.169,302.811,279.780,-9.297,-3.679,-2.245,-1.253,-0.540,-5.295,-5.233,-5.674,-3.349,0.104,3.381,-3.824,1.361,-0.523,-1.140,-3.153,0.000,24.107,-15.751,0.063,-0.014,42.976
82299.968,299.887,0.956,25.169,302.811,279.940,-9.730,-3.456,-2.245,-0.104,0.649,-4.776,-4.165,-5.995,-3.572,-0.938,2.536,-4.355,0.838,0.314,-1.348,-3.153,0.000,24.241,-15.782,0.062,0.003,42.976
82295.937,299.890,0.956,25.173,302.890,280.100,-9.189,-4.013,-2.245,-0.209,0.433,-5.088,-4.271,-4.817,-3.126,0.313,3.698,-4.462,0.733,0.209,-1.762,-3.153,0.000,24.415,-15.792,0.060,0.003,42.976
82295.937,299.890,0.956,25.173,302.890,279.780,-8.865,-3.233,-3.101,-0.835,0.108,-5.399,-4.592,-4.817,-2.679,-0.834,3.170,-3.399,1.257,0.942,-1.037,-2.252,0.000,24.549,-15.822,0.060,-0.014,42.987
82295.937,299.888,0.956,25.176,302.969,280.100,-8.973,-2.787,-1.176,-0.626,0.865,-4.672,-4.378,-4.603,-1.563,0.940,3.909,-3.506,1.780,-0.418,-1.451,-3.041,0.000,24.665,-15.894,0.060,0.003,42.976
82304.000,299.888,0.956,25.171,302.890,279.620,-9.514,-3.679,-2.031,-0.835,0.108,-5.814,-4.699,-5.674,-3.014,0.313,2.430,-3.824,0.733,-0.000,-1.762,-3.491,0.000,24.780,-15.924,0.059,-0.014,42.998
82295.937,299.890,0.956,25.173,302.890,280.100,-8.433,-3.122,-1.069,0.314,0.649,-4.257,-3.524,-4.175,-2.344,0.835,4.226,-3.399,1.885,1.047,-0.207,-2.928,0.000,24.934,-15.975,0.060,-0.014,42.998
82291.906,299.888,0.956,25.173,302.890,280.100,-8.433,-2.787,-2.138,-0.000,0.757,-5.710,-4.058,-4.924,-3.126,-0.313,3.487,-3.718,0.733,0.209,-1.658,-4.392,0.000,25.050,-16.036,0.060,-0.046,42.976
82295.937,299.890,0.956,25.176,302.969,280.100,-9.081,-3.122,-2.352,-0.209,0.973,-4.672,-4.271,-4.603,-2.233,0.313,4.226,-3.081,2.094,0.837,-0.415,-2.252,0.000,25.108,-16.127,0.061,-0.030,42.987
82299.968,299.890,0.956,25.179,303.048,280.260,-9.514,-3.233,-1.176,-0.835,0.649,-4.984,-3.844,-5.138,-2.456,0.731,2.747,-3.506,1.257,0.314,-0.829,-2.477,0.000,25.262,-16.198,0.061,-0.030,42.976
82299.968,299.887,0.956,25.175,302.969,280.100,-8.649,-3.567,-2.031,-0.940,-0.216,-5.295,-4.271,-5.567,-2.456,0.209,3.804,-4.143,0.733,0.419,-2.073,-2.815,0.000,25.339,-16.259,0.061,-0.014,42.976
82295.937,299.888,0.956,25.179,303.048,279.940,-9.189,-3.344,-1.711,-0.104,1.514,-4.984,-4.165,-4.603,-3.237,0.209,3.592,-3.293,1.152,0.523,-0.933,-3.491,0.000,25.415,-16.351,0.063,0.003,42.998
82295.937,299.887,0.956,25.176,302.969,280.100,-8.757,-2.899,-2.673,-0.104,0.433,-5.295,-4.271,-5.246,-2.791,-0.938,2.958,-3.930,0.943,0.000,-1.555,-3.491,0.000,25.492,-16.442,0.064,-0.030,42.987
82291.906,299.890,0.956,25.176,302.969,280.100,-9.405,-3.679,-2.459,-1.357,-0.432,-5.295,-4.592,-4.817,-2.233,1.044,3.487,-3.187,2.409,0.000,-0.622,-2.815,0.000,25.589,-16.524,0.063,0.003,42.987
82299.968,299.887,0.956,25.178,303.048,280.100,-8.649,-3.344,-1.711,-0.418,0.000,-5.710,-4.058,-5.995,-2.791,-0.417,3.487,-4.143,0.943,0.209,-2.280,-3.604,0.000,25.646,-16.595,0.065,0.003,43.009
82291.906,299.890,0.956,25.176,302.969,279.940,-9.297,-4.348,-2.031,-0.313,0.973,-4.776,-4.165,-4.496,-3.014,0.313,3.909,-4.037,0.838,0.837,-1.451,-3.378,0.000,25.762,-16.666,0.064,0.003,42.987
82295.937,299.890,0.956,25.176,302.969,280.421,-8.865,-2.564,-2.459,-0.626,0.108,-5.088,-4.058,-4.924,-2.344,-0.313,2.958,-3.718,0.524,0.523,-1.762,-3.378,0.000,25.820,-16.727,0.066,-0.014,42.987
82295.937,299.890,0.956,25.176,302.969,280.421,-8.757,-3.010,-1.283,-0.835,0.324,-4.776,-4.805,-4.924,-2.456,-0.313,3.275,-3.718,1.885,-0.105,-1.140,-2.815,0.000,25.858,-16.778,0.065,-0.014,42.987
82295.937,299.891,0.956,25.179,303.048,280.260,-9.622,-3.679,-1.818,-0.418,0.216,-4.984,-3.417,-5.674,-3.349,0.209,3.487,-3.718,1.990,0.837,-1.555,-3.041,0.000,25.993,-16.839,0.065,-0.014,42.987
82291.906,299.890,0.956,25.176,302.969,280.100,-8.649,-3.679,-2.031,-0.104,0.216,-4.984,-3.417,-4.068,-2.902,0.104,3.698,-4.355,0.733,0.314,-1.762,-3.829,0.000,26.070,-16.900,0.064,-0.030,42.998
82299.968,299.890,0.956,25.179,303.048,280.421,-9.514,-3.679,-3.421,-1.148,0.000,-5.710,-4.378,-5.138,-2.902,0.000,3.487,-3.399,0.943,0.628,-0.726,-3.491,0.000,26.147,-16.920,0.063,-0.014,42.998
82304.000,299.888,0.956,25.175,302.969,280.260,-8.865,-2.899,-1.497,-0.313,0.649,-4.361,-4.485,-4.817,-2.121,-0.521,3.592,-3.718,1.571,-0.105,-1.762,-3.041,0.000,26.205,-16.971,0.061,-0.014,42.998
82295.937,299.890,0.956,25.179,303.048,280.260,-9.946,-2.899,-2.138,-0.835,-0.216,-5.503,-4.699,-6.102,-3.014,-0.208,2.853,-4.674,0.733,0.105,-1.762,-2.815,0.000,26.282,-16.950,0.059,-0.030,42.998
82299.968,299.890,0.956,25.182,303.127,280.421,-8.541,-3.679,-2.245,0.314,0.433,-4.776,-3.524,-4.282,-2.010,0.626,4.437,-3.718,1.885,1.256,-1.037,-2.815,0.000,26.378,-16.961,0.057,-0.014,42.976
82295.937,299.891,0.956,25.183,303.127,280.100,-8.865,-3.344,-2.352,-0.731,0.649,-5.503,-3.738,-4.282,-2.121,0.418,3.698,-3.718,1.257,-0.105,-1.555,-4.054,0.000,26.436,-16.940,0.054,-0.014,42.976
82299.968,299.890,0.956,25.182,303.127,280.421,-9.514,-3.344,-2.031,-0.731,0.000,-5.088,-4.271,-4.496,-2.121,-0.104,3.170,-3.718,0.943,-0.105,-1.762,-2.815,0.000,26.512,-16.930,0.051,-0.030,42.987
82295.937,299.888,0.956,25.186,303.206,280.581,-9.622,-2.341,-0.748,-0.313,1.514,-4.672,-3.310,-4.817,-2.791,0.000,3.064,-3.718,1.047,0.209,-0.829,-2.252,0.000,26.589,-16.910,0.050,0.003,42.987
82295.937,299.888,0.956,25.186,303.206,280.581,-7.892,-3.456,-2.138,-0.209,-0.540,-5.088,-4.271,-5.674,-3.014,-0.417,3.275,-4.355,1.152,0.419,-1.866,-2.590,0.000,26.666,-16.879,0.047,0.003,42.976
82299.968,299.887,0.956,25.182,303.127,280.581,-8.433,-3.122,-1.818,-0.522,0.649,-5.607,-4.805,-4.710,-3.126,-0.313,4.015,-3.612,1.257,0.837,-1.348,-4.054,0.000,26.763,-16.859,0.044,-0.046,42.987
82295.937,299.888,0.956,25.189,303.285,280.901,-9.081,-3.456,-2.780,-0.940,-0.216,-4.880,-4.592,-4.496,-2.121,-0.730,3.064,-3.718,0.943,0.523,-1.348,-3.041,0.000,26.820,-16.839,0.042,-0.014,42.966
82299.968,299.887,0.956,25.185,303.206,280.581,-9.297,-3.010,-2.031,-0.835,0.649,-4.776,-3.844,-4.389,-2.345,0.626,2.853,-4.249,0.943,-0.209,-1.451,-2.703,0.000,26.878,-16.798,0.039,-0.014,42.976
82291.906,299.887,0.956,25.186,303.206,280.581,-8.434,-3.456,-1.069,-0.209,0.324,-5.088,-4.271,-6.209,-3.014,-0.104,2.641,-4.037,0.733,0.209,-1.762,-3.041,0.000,26.917,-16.778,0.036,-0.014,42.998
82295.937,299.885,0.956,25.186,303.206,280.100,-9.083,-4.348,-2.138,-0.418,0.433,-5.710,-4.699,-4.496,-3.796,0.522,4.332,-4.037,1.676,0.733,-1.037,-2.928,0.000,26.936,-16.737,0.034,-0.014,42.976
82299.968,299.887,0.956,25.185,303.206,280.421,-8.758,-2.899,-2.459,-0.835,0.541,-5.399,-4.592,-5.031,-2.233,-0.313,3.170,-3.612,0.419,0.314,-2.177,-3.153,0.000,26.974,-16.737,0.032,-0.014,42.987
82304.000,299.887,0.956,25.188,303.285,280.421,-9.299,-3.122,-1.604,-1.044,0.433,-4.776,-4.805,-4.817,-3.238,-0.730,3.275,-3.399,1.257,-0.418,-1.555,-3.041,0.000,26.994,-16.717,0.031,-0.014,42.987
82295.937,299.887,0.956,25.186,303.206,280.581,-9.731,-3.679,-1.604,-0.418,0.649,-4.984,-4.058,-5.138,-3.014,0.000,2.430,-4.143,0.943,0.209,-1.451,-3.266,0.000,27.032,-16.706,0.030,-0.030,43.009
82304.000,299.887,0.956,25.188,303.285,280.260,-9.191,-3.679,-1.925,-0.313,0.216,-4.776,-4.058,-4.924,-2.903,-0.104,3.698,-4.143,1.676,1.047,-1.037,-2.365,0.000,27.013,-16.706,0.028,-0.014,42.966
82299.968,299.887,0.956,25.188,303.285,280.581,-8.866,-3.344,-1.925,-0.000,0.865,-5.399,-4.271,-4.603,-3.014,-0.417,3.487,-3.187,0.209,0.419,-1.451,-3.153,0.000,27.032,-16.696,0.029,0.003,42.976
82295.937,299.888,0.956,25.192,303.364,280.260,-9.191,-2.676,-2.245,-0.731,0.324,-4.568,-4.058,-5.031,-2.456,0.209,4.015,-4.037,1.257,0.105,-1.658,-3.041,0.000,27.013,-16.727,0.028,-0.014,42.998
82299.968,299.888,0.956,25.195,303.443,280.421,-9.515,-2.899,-2.245,-0.626,0.649,-4.568,-3.844,-4.924,-2.121,0.731,2.536,-3.824,1.047,0.105,-0.726,-2.590,0.000,27.013,-16.757,0.028,0.003,42.987
82304.000,299.887,0.956,25.188,303.285,280.260,-8.326,-3.679,-1.925,-0.209,-0.108,-4.984,-3.844,-5.031,-3.014,0.418,3.381,-4.249,1.361,0.419,-1.348,-2.815,0.000,26.994,-16.798,0.029,0.003,42.998
82304.000,299.888,0.956,25.188,303.285,280.260,-8.434,-2.899,-1.818,-0.313,0.973,-5.814,-4.058,-4.817,-2.791,0.940,3.804,-3.506,1.990,0.419,-0.518,-3.378,0.000,26.994,-16.839,0.031,0.003,42.998
82299.968,299.885,0.956,25.188,303.285,280.260,-8.866,-3.010,-1.604,-0.731,0.324,-4.880,-4.485,-4.603,-2.233,-0.104,3.064,-4.037,0.733,0.209,-1.244,-2.590,0.000,26.974,-16.889,0.031,0.019,42.998
82304.000,299.885,0.956,25.188,303.285,280.581,-9.515,-3.344,-1.818,-1.044,0.216,-4.257,-4.165,-4.710,-2.456,0.626,3.064,-3.612,1.676,-0.627,-1.348,-2.815,0.000,26.936,-16.930,0.033,-0.030,42.998
82299.968,299.885,0.956,25.191,303.364,280.581,-9.191,-2.676,-1.925,-0.522,0.216,-5.088,-3.844,-5.781,-2.791,0.313,3.381,-4.355,0.419,0.733,-2.073,-3.604,0.000,26.955,-16.981,0.035,-0.014,42.998
82299.968,299.888,0.956,25.188,303.285,280.421,-9.839,-4.236,-2.566,-0.313,0.433,-5.191,-4.378,-4.389,-3.461,0.626,3.487,-4.249,1.361,0.105,-1.037,-3.266,0.000,26.936,-17.062,0.037,-0.014,42.976
82308.031,299.885,0.956,25.190,303.364,280.421,-9.083,-2.787,-2.780,0.105,0.541,-4.984,-4.485,-5.460,-2.010,-0.521,2.853,-3.824,0.000,-0.105,-0.933,-2.815,0.000,26.955,-17.133,0.039,-0.046,42.976
82308.031,299.887,0.956,25.187,303.285,280.901,-9.081,-3.010,-1.390,-0.731,1.081,-4.465,-5.126,-5.031,-2.010,-0.000,3.804,-4.037,0.943,-0.314,-1.555,-3.266,0.000,26.955,-17.204,0.041,0.003,42.987
82308.031,299.887,0.956,25.187,303.285,280.421,-10.054,-3.790,-2.352,-0.731,0.108,-5.295,-4.485,-5.353,-2.568,0.209,3.381,-3.718,0.838,-0.418,-1.762,-3.491,0.000,26.936,-17.265,0.043,0.019,42.987
82308.031,299.890,0.956,25.190,303.364,280.421,-9.081,-4.348,-1.711,-0.522,0.324,-4.776,-3.844,-4.068,-2.568,0.522,3.592,-4.249,0.838,0.419,-1.866,-3.378,0.000,26.994,-17.347,0.045,-0.014,42.998
82299.968,299.887,0.956,25.188,303.285,280.421,-8.433,-3.344,-2.566,-0.835,0.865,-6.126,-4.271,-5.031,-3.014,-0.104,3.275,-4.037,0.733,-0.105,-1.348,-3.378,0.000,27.013,-17.387,0.046,-0.014,42.998
82304.000,299.888,0.956,25.191,303.364,280.741,-8.757,-2.787,-1.818,-0.209,0.649,-4.465,-4.485,-4.282,-2.791,-0.208,3.487,-3.506,1.466,0.419,-1.244,-2.703,0.000,27.051,-17.448,0.049,-0.030,42.987
82299.968,299.887,0.956,25.192,303.364,280.581,-9.838,-3.567,-1.925,-0.626,0.433,-4.465,-4.485,-5.460,-3.014,-0.104,2.641,-4.462,0.628,-0.418,-1.658,-3.604,0.000,27.167,-17.489,0.050,0.003,42.987
82299.968,299.888,0.956,25.192,303.364,280.581,-9.081,-4.236,-2.780,-0.626,-0.648,-4.984,-4.271,-4.603,-2.568,0.418,4.015,-4.355,0.838,0.314,-1.866,-3.153,0.000,27.225,-17.540,0.052,-0.014,42.976
82304.000,299.887,0.956,25.188,303.285,280.421,-8.757,-3.567,-2.138,-0.626,0.865,-5.399,-3.951,-4.603,-2.345,0.835,3.804,-3.506,1.257,0.209,-0.726,-3.604,0.000,27.302,-17.570,0.052,-0.030,42.976
82299.968,299.887,0.956,25.192,303.364,280.581,-9.189,-2.787,-2.352,-0.418,0.433,-4.984,-4.485,-5.460,-2.679,-0.834,2.958,-3.930,0.419,0.209,-1.037,-2.365,0.000,27.398,-17.601,0.053,0.003,42.976
82304.000,299.888,0.956,25.188,303.285,280.581,-9.081,-3.122,-1.497,-0.940,0.757,-4.880,-4.378,-4.710,-2.121,1.148,3.064,-3.824,1.152,-0.314,-1.762,-2.703,0.000,27.513,-17.601,0.054,-0.030,42.987
82299.968,299.888,0.956,25.198,303.522,280.741,-8.973,-3.010,-1.604,-0.104,0.541,-4.672,-3.631,-4.924,-2.456,0.731,3.804,-3.718,1.361,0.628,-2.073,-3.378,0.000,27.571,-17.631,0.054,-0.030,42.987
82299.968,299.890,0.956,25.188,303.285,280.581,-8.865,-3.567,-2.138,-0.418,0.541,-5.399,-4.058,-4.389,-3.014,0.731,3.698,-3.824,0.943,0.419,-0.829,-3.266,0.000,27.744,-17.631,0.054,0.003,42.976
82304.000,299.888,0.956,25.198,303.522,280.741,-9.405,-3.344,-2.994,-0.313,-0.108,-5.399,-4.699,-5.246,-2.791,-0.625,3.275,-3.930,0.838,0.105,-1.348,-3.266,0.000,27.860,-17.611,0.053,0.003,42.976
82295.937,299.887,0.956,25.195,303.443,280.741,-9.297,-2.899,-1.711,-0.731,1.081,-4.776,-4.805,-5.031,-2.567,-0.104,3.170,-3.930,1.676,-0.941,-0.933,-3.153,0.000,28.052,-17.601,0.053,-0.030,42.987
82291.906,299.890,0.956,25.196,303.443,280.741,-9.514,-3.790,-2.352,-1.044,-0.216,-5.710,-4.485,-5.781,-3.349,-0.104,2.853,-4.568,0.419,-0.209,-1.658,-3.266,0.000,28.148,-17.601,0.052,-0.014,43.009
82287.874,299.885,0.956,25.200,303.522,280.741,-9.405,-4.348,-2.352,-0.522,0.108,-5.088,-4.271,-4.710,-3.460,-0.313,3.592,-4.886,1.152,0.523,-1.140,-3.829,0.000,28.302,-17.570,0.051,0.003,42.998
82291.906,299.887,0.956,25.193,303.364,280.581,-9.622,-3.567,-2.887,-1.044,0.108,-5.503,-4.378,-4.817,-2.791,0.104,3.170,-3.506,0.628,0.209,-1.244,-3.604,0.000,28.418,-17.550,0.050,-0.030,42.987
82295.937,299.888,0.956,25.195,303.443,280.421,-8.757,-2.676,-1.497,-0.626,0.541,-4.776,-4.592,-4.817,-2.456,-0.313,3.698,-3.824,1.361,-0.105,-1.555,-2.703,0.000,28.553,-17.530,0.051,-0.014,42.987
82291.906,299.887,0.956,25.196,303.443,280.581,-9.730,-2.899,-1.925,-0.731,0.649,-4.257,-3.738,-5.138,-2.791,0.104,2.641,-3.187,1.571,0.314,-0.829,-2.590,0.000,28.687,-17.489,0.050,0.003,42.987
82291.906,299.887,0.956,25.193,303.364,280.901,-8.433,-2.899,-1.711,0.105,0.216,-4.776,-4.058,-4.817,-2.233,0.522,3.487,-4.355,0.838,0.105,-1.348,-3.378,0.000,28.783,-17.489,0.050,-0.030,42.976
82295.937,299.888,0.956,25.192,303.364,280.901,-8.649,-3.456,-2.673,-0.418,0.865,-5.295,-4.271,-4.389,-2.456,0.418,3.381,-3.293,1.257,-0.105,-0.622,-3.829,0.000,28.918,-17.479,0.049,-0.030,42.998
82299.968,299.885,0.956,25.191,303.364,280.421,-8.541,-3.010,-1.711,-0.209,0.757,-4.672,-4.378,-4.924,-1.898,-0.521,3.170,-4.037,1.257,0.105,-0.829,-2.703,0.000,29.014,-17.458,0.048,-0.030,42.976
82287.874,299.887,0.956,25.193,303.364,280.741,-9.622,-2.564,-1.925,-0.835,0.324,-4.776,-4.058,-5.031,-2.456,0.418,2.958,-4.143,0.943,-0.523,-1.762,-2.703,0.000,29.130,-17.469,0.049,-0.014,42.976
82287.874,299.888,0.956,25.203,303.601,280.581,-9.406,-3.679,-2.031,-0.313,0.433,-5.191,-4.058,-5.674,-2.902,0.000,4.226,-3.824,0.943,0.628,-2.073,-3.378,0.000,29.226,-17.469,0.049,-0.014,42.966
82287.874,299.887,0.956,25.200,303.522,280.581,-8.541,-3.233,-1.497,0.209,1.081,-4.465,-3.524,-3.854,-2.679,0.418,4.543,-3.293,1.571,1.465,-0.311,-3.153,0.000,29.284,-17.479,0.051,-0.014,42.976
82287.874,299.887,0.956,25.197,303.443,280.581,-9.622,-3.010,-2.780,-0.731,0.433,-5.399,-4.378,-4.924,-1.674,-0.313,3.381,-3.399,0.838,0.733,-0.933,-2.477,0.000,29.322,-17.509,0.052,-0.014,42.976
82287.874,299.888,0.956,25.200,303.522,280.421,-9.081,-2.787,-1.283,-0.731,0.757,-4.361,-4.805,-4.496,-2.233,0.313,3.381,-4.249,1.571,-0.314,-1.037,-2.815,0.000,29.380,-17.519,0.054,0.003,42.987
82279.811,299.885,0.956,25.204,303.601,280.581,-9.838,-3.010,-2.352,-0.626,0.433,-4.776,-3.524,-5.353,-2.791,0.104,3.064,-3.930,0.943,0.209,-1.555,-2.815,0.000,29.399,-17.580,0.055,-0.014,42.987
82287.874,299.885,0.956,25.200,303.522,280.581,-8.973,-3.902,-1.925,-0.313,0.324,-4.776,-4.058,-4.389,-2.567,0.626,3.275,-4.674,0.628,0.419,-1.244,-3.266,0.000,29.457,-17.631,0.057,-0.014,42.987
82291.906,299.887,0.956,25.199,303.522,280.581,-9.838,-3.010,-2.780,-0.731,0.108,-5.814,-4.165,-5.246,-2.902,0.418,3.275,-3.718,0.419,-0.105,-1.451,-3.041,0.000,29.457,-17.702,0.060,-0.030,42.998
82291.906,299.887,0.956,25.199,303.522,280.260,-9.189,-3.010,-2.352,-0.418,0.000,-5.088,-4.912,-5.246,-2.902,-0.625,3.275,-3.718,1.361,0.105,-1.244,-3.153,0.000,29.476,-17.743,0.062,-0.046,42.987
82283.843,299.890,0.956,25.197,303.443,280.581,-9.514,-3.233,-1.818,-0.626,0.757,-4.672,-4.699,-5.246,-2.567,-0.104,2.219,-4.143,1.047,0.000,-1.140,-2.365,0.000,29.496,-17.814,0.064,-0.014,42.987
82295.937,299.888,0.956,25.202,303.601,280.421,-9.514,-3.456,-1.925,-0.731,-0.432,-4.568,-3.738,-5.138,-2.344,0.313,3.909,-4.249,1.047,0.419,-1.866,-2.590,0.000,29.496,-17.885,0.066,-0.014,42.987
82291.906,299.888,0.956,25.193,303.364,280.100,-8.757,-3.010,-1.925,-0.418,0.973,-5.295,-4.165,-4.710,-2.902,0.522,3.909,-3.399,1.571,0.523,-0.726,-3.266,0.000,29.438,-17.956,0.068,-0.014,42.976
82295.937,299.888,0.956,25.199,303.522,280.421,-8.541,-2.787,-2.780,-0.104,0.216,-4.984,-5.019,-5.031,-2.344,-1.042,3.170,-3.930,0.524,0.209,-1.348,-3.041,0.000,29.476,-18.027,0.071,0.003,42.976
82291.906,299.887,0.956,25.193,303.364,280.260,-9.622,-3.344,-1.497,-1.044,0.541,-4.672,-4.378,-4.496,-2.233,1.148,3.275,-3.718,2.199,0.000,-0.829,-2.365,0.000,29.438,-18.088,0.073,0.003,42.998
82295.937,299.888,0.956,25.199,303.522,280.421,-8.649,-3.233,-1.711,0.418,0.649,-4.984,-3.524,-5.353,-2.567,0.313,2.853,-4.037,0.943,0.628,-1.866,-3.378,0.000,29.438,-18.170,0.073,-0.014,42.987
82291.906,299.890,0.956,25.193,303.364,280.100,-9.297,-3.567,-1.925,-0.418,0.433,-5.295,-4.058,-4.817,-3.684,-0.104,3.909,-4.143,1.257,0.942,-0.622,-2.590,0.000,29.457,-18.231,0.074,-0.014,42.976
82295.937,299.888,0.956,25.192,303.364,280.260,-9.297,-2.118,-1.925,-1.044,0.973,-4.880,-3.951,-4.603,-2.344,0.313,3.592,-3.187,0.943,0.837,-1.037,-2.477,0.000,29.476,-18.302,0.075,-0.014,42.987
82299.968,299.887,0.956,25.192,303.364,279.940,-8.757,-2.787,-1.497,-0.835,0.433,-4.984,-4.699,-4.924,-2.791,0.000,3.170,-4.037,0.943,-0.627,-1.140,-3.378,0.000,29.438,-18.342,0.076,0.003,42.987
82304.000,299.890,0.956,25.191,303.364,280.260,-10.054,-3.679,-2.459,-0.626,0.000,-5.088,-4.271,-5.567,-3.014,0.418,3.487,-3.930,0.943,0.105,-1.451,-2.365,0.000,29.496,-18.393,0.076,-0.014,42.976
82308.031,299.885,0.956,25.190,303.364,280.100,-8.541,-3.790,-1.711,0.209,0.216,-4.984,-4.271,-4.710,-2.456,-0.104,3.592,-4.462,1.676,0.523,-1.658,-3.266,0.000,29.534,-18.414,0.074,0.003,42.998
82299.968,299.890,0.956,25.185,303.206,279.780,-9.081,-2.787,-2.673,-0.626,0.649,-5.607,-4.485,-5.246,-2.791,0.313,3.698,-3.293,0.524,0.419,-1.348,-3.941,0.000,29.573,-18.444,0.074,-0.014,42.976
82304.000,299.890,0.956,25.188,303.285,279.940,-8.973,-3.122,-1.925,-0.209,0.216,-4.776,-4.699,-4.817,-3.014,-0.625,3.064,-4.143,1.047,-0.418,-1.244,-3.153,0.000,29.611,-18.475,0.073,-0.014,43.009
82312.063,299.890,0.956,25.187,303.285,279.780,-10.378,-3.679,-1.818,-1.148,0.000,-4.880,-3.951,-5.138,-3.573,-0.104,2.430,-4.462,0.942,-0.105,-1.140,-2.815,0.000,29.669,-18.475,0.071,0.003,42.976
82312.063,299.890,0.956,25.177,303.048,279.940,-8.649,-4.236,-2.031,-0.835,-0.324,-5.088,-4.058,-5.567,-3.238,-0.104,3.170,-4.462,0.628,0.523,-1.762,-3.266,0.000,29.727,-18.464,0.068,-0.014,42.966
82304.000,299.890,0.956,25.181,303.127,279.940,-9.730,-3.233,-1.818,-0.522,0.865,-4.984,-3.738,-4.282,-3.014,0.731,3.698,-3.718,1.152,0.733,-0.829,-3.604,0.000,29.784,-18.444,0.067,-0.030,42.987
82304.000,299.888,0.956,25.178,303.048,279.940,-9.514,-2.899,-3.208,-1.253,0.324,-5.088,-4.805,-5.246,-2.345,-0.730,3.170,-4.249,1.256,0.419,-1.555,-2.590,0.000,29.880,-18.454,0.063,0.003,42.987
82304.000,299.890,0.956,25.178,303.048,279.620,-9.515,-3.233,-1.069,-1.357,0.757,-4.568,-4.592,-4.389,-2.345,0.522,3.698,-3.081,1.256,-0.627,-1.037,-2.815,0.000,29.957,-18.424,0.061,0.003,42.966
82299.968,299.890,0.956,25.175,302.969,279.620,-9.083,-3.233,-1.925,-0.522,0.000,-4.672,-4.165,-5.781,-3.014,0.418,4.120,-3.399,0.838,0.837,-1.659,-2.815,0.000,30.034,-18.403,0.057,-0.014,42.987
82299.968,299.891,0.956,25.175,302.969,279.620,-8.650,-3.122,-2.138,-0.313,0.433,-5.088,-4.058,-4.389,-3.126,0.940,4.015,-3.506,1.256,0.837,-1.037,-3.041,0.000,30.131,-18.373,0.054,-0.030,42.976
82299.968,299.887,0.956,25.175,302.969,279.300,-9.407,-2.787,-2.459,-0.104,0.433,-5.399,-4.058,-4.710,-2.680,-0.000,3.592,-3.824,0.524,0.733,-1.348,-2.590,0.000,30.208,-18.322,0.050,-0.046,42.987
82299.968,299.890,0.956,25.175,302.969,279.780,-8.866,-2.564,-1.497,-0.104,0.865,-4.049,-4.165,-4.817,-2.233,1.044,3.909,-3.718,1.256,-0.627,-1.659,-2.815,0.000,30.285,-18.282,0.048,-0.014,42.976
82312.063,299.888,0.956,25.167,302.811,279.460,-9.515,-2.899,-2.031,-0.940,-0.108,-4.984,-4.271,-5.460,-2.791,-0.417,3.275,-3.718,1.256,0.314,-0.933,-2.703,0.000,30.400,-18.261,0.045,-0.014,42.987
82304.000,299.891,0.956,25.165,302.732,279.300,-8.542,-3.567,-1.604,-0.313,0.433,-4.984,-4.271,-4.817,-3.126,0.313,3.487,-4.249,1.047,0.209,-1.866,-3.604,0.000,30.516,-18.231,0.041,-0.030,43.009
82299.968,299.890,0.956,25.162,302.653,279.300,-9.731,-3.344,-2.780,-1.253,-0.108,-5.607,-4.805,-5.567,-3.014,-0.208,3.487,-4.355,0.628,0.209,-1.244,-4.054,0.000,30.554,-18.190,0.039,0.019,42.987
82299.968,299.890,0.956,25.162,302.653,279.460,-8.758,-3.010,-2.566,-0.000,0.973,-4.672,-4.378,-4.496,-2.456,-0.625,3.064,-4.568,1.466,-0.209,-1.451,-2.815,0.000,30.650,-18.149,0.036,-0.014,42.987
82304.000,299.888,0.956,25.161,302.653,279.300,-9.623,-3.233,-1.497,-0.418,0.541,-4.776,-4.058,-4.817,-2.902,0.522,2.958,-3.930,1.152,-0.523,-1.348,-3.266,0.000,30.689,-18.139,0.034,0.003,42.976
82291.906,299.888,0.956,25.163,302.653,279.140,-9.515,-3.790,-2.887,-1.044,-0.756,-5.295,-4.805,-5.888,-3.349,0.626,2.853,-4.462,0.628,0.314,-2.695,-3.153,0.000,30.785,-18.109,0.032,0.003,42.987
82295.937,299.890,0.956,25.153,302.416,278.980,-9.191,-3.456,-2.566,-0.940,0.216,-5.399,-4.165,-4.603,-3.237,0.104,4.015,-4.143,1.885,0.733,-1.244,-3.266,0.000,30.843,-18.088,0.031,-0.014,42.987
82295.937,299.887,0.956,25.153,302.416,278.980,-8.650,-2.787,-2.031,-0.626,0.324,-4.880,-4.378,-4.817,-2.121,-0.313,3.804,-3.718,0.838,0.523,-0.726,-2.815,0.000,30.920,-18.068,0.030,-0.014,42.987
82299.968,299.891,0.956,25.156,302.495,279.140,-8.650,-2.787,-1.283,-0.313,0.541,-4.465,-4.699,-4.603,-2.344,0.626,3.381,-3.612,2.618,-0.418,-0.933,-2.928,0.000,30.997,-18.058,0.029,0.003,42.987
82299.968,299.890,0.956,25.156,302.495,279.140,-8.974,-3.456,-1.818,-0.522,0.000,-5.191,-4.378,-6.102,-2.344,0.313,3.064,-3.612,1.571,0.942,-1.037,-2.815,0.000,31.074,-18.058,0.029,0.003,42.987
82295.937,299.887,0.956,25.153,302.416,279.140,-8.218,-4.013,-1.497,-0.104,1.622,-4.257,-3.524,-4.389,-2.567,0.626,4.015,-3.824,1.152,0.628,-1.348,-2.590,0.000,31.093,-18.058,0.028,0.003,42.987
82291.906,299.890,0.956,25.157,302.495,279.140,-8.649,-2.899,-2.245,-0.313,0.433,-4.984,-3.951,-4.603,-2.344,0.313,4.120,-3.293,0.838,0.419,-0.726,-3.266,0.000,31.131,-18.058,0.028,-0.030,42.998
82291.906,299.890,0.956,25.153,302.416,279.300,-9.406,-2.230,-1.711,-0.522,0.865,-4.568,-4.699,-4.496,-2.233,0.313,4.015,-3.718,1.466,0.523,-1.140,-3.378,0.000,31.208,-18.068,0.029,-0.014,42.987
82291.906,299.888,0.956,25.150,302.337,278.820,-9.622,-3.344,-2.031,-0.940,0.541,-4.880,-3.844,-5.460,-3.237,0.522,2.853,-3.718,1.047,-0.105,-0.933,-2.815,0.000,31.247,-18.078,0.029,-0.014,42.987
82291.906,299.888,0.956,25.147,302.258,278.980,-8.757,-3.679,-2.352,-0.209,0.108,-4.776,-3.951,-5.031,-2.567,0.418,4.015,-4.355,1.047,0.628,-1.762,-3.153,0.000,31.285,-18.109,0.029,-0.014,42.987
82287.874,299.890,0.956,25.151,302.337,278.820,-9.297,-2.899,-1.925,-0.313,0.973,-5.607,-3.844,-4.175,-3.014,0.313,3.909,-3.718,1.361,0.419,-1.037,-3.491,0.000,31.324,-18.099,0.029,-0.014,42.987
82287.874,299.890,0.956,25.144,302.179,278.980,-9.081,-2.787,-2.459,-0.835,0.541,-4.776,-4.485,-5.567,-2.679,-1.564,3.170,-4.249,0.733,-0.105,-2.073,-3.378,0.000,31.420,-18.129,0.030,0.003,42.998
82287.874,299.890,0.956,25.144,302.179,278.820,-9.946,-4.236,-2.031,-1.671,-0.324,-4.880,-4.805,-5.353,-2.456,0.522,3.275,-3.718,1.466,-0.209,-0.104,-2.252,0.000,31.478,-18.119,0.030,0.003,42.998
82287.874,299.887,0.956,25.144,302.179,278.980,-8.324,-2.676,-1.711,0.105,0.324,-4.776,-4.485,-5.353,-3.237,0.418,3.487,-4.249,1.047,0.209,-2.280,-3.266,0.000,31.497,-18.139,0.030,0.003,42.987
82283.843,299.887,0.956,25.141,302.100,278.820,-8.865,-4.571,-2.138,-0.731,-0.108,-5.710,-4.378,-5.246,-3.349,-0.417,3.275,-4.355,0.838,-0.314,-1.348,-3.266,0.000,31.574,-18.139,0.030,-0.014,42.976
82279.811,299.887,0.956,25.149,302.258,278.980,-9.081,-2.899,-2.780,-0.940,0.000,-5.295,-4.058,-4.817,-2.567,-0.625,2.958,-3.930,0.943,-0.105,-1.658,-3.041,0.000,31.670,-18.129,0.030,-0.030,42.987
82287.874,299.890,0.956,25.141,302.100,278.980,-9.297,-3.456,-2.031,-0.209,0.108,-5.295,-4.699,-4.817,-2.344,0.522,3.381,-3.506,1.885,-0.105,-1.244,-2.815,0.000,31.709,-18.139,0.029,-0.014,42.987
82283.843,299.887,0.956,25.141,302.100,278.820,-9.081,-2.899,-1.604,-0.000,0.324,-5.088,-3.951,-5.567,-2.902,0.731,3.381,-3.293,1.466,0.523,-1.348,-2.815,0.000,31.824,-18.129,0.030,0.003,42.976
82283.843,299.887,0.956,25.148,302.258,278.820,-9.189,-3.902,-2.352,-0.418,0.000,-4.672,-4.058,-4.817,-2.791,-0.104,3.592,-4.143,1.047,0.628,-1.140,-3.266,0.000,31.901,-18.129,0.029,0.003,42.998
82283.843,299.885,0.956,25.138,302.021,278.660,-9.081,-2.676,-1.925,-0.626,0.541,-4.984,-4.271,-4.924,-2.233,0.104,3.487,-3.506,0.524,0.628,-0.726,-3.491,0.000,32.017,-18.139,0.028,0.003,42.987
82287.874,299.888,0.956,25.141,302.100,278.820,-8.541,-2.341,-1.390,-0.104,0.649,-4.049,-3.738,-3.961,-2.233,-0.208,3.909,-2.868,1.676,0.105,-1.037,-3.041,0.000,32.075,-18.119,0.028,0.003,42.998
82291.906,299.887,0.956,25.137,302.021,278.980,-9.622,-2.341,-1.497,-0.522,0.865,-4.672,-4.058,-4.603,-2.456,0.626,3.064,-3.718,2.199,0.523,-1.244,-3.041,0.000,32.171,-18.068,0.027,-0.030,42.987
82295.937,299.888,0.956,25.133,301.942,278.980,-8.542,-3.790,-1.711,-0.522,0.216,-4.257,-3.524,-4.496,-2.344,0.731,4.015,-4.249,1.676,1.256,-1.969,-3.266,0.000,32.248,-18.058,0.027,-0.030,42.998
82287.874,299.888,0.956,25.138,302.021,278.980,-9.623,-2.899,-2.031,-0.313,0.649,-5.607,-4.485,-5.138,-3.014,0.209,3.698,-3.293,1.152,0.733,-0.726,-2.928,0.000,32.363,-18.027,0.026,0.003,42.987
82291.906,299.887,0.956,25.137,302.021,278.820,-8.866,-2.899,-1.604,0.209,0.865,-3.945,-3.738,-4.496,-1.898,-0.417,3.381,-3.718,1.257,0.523,-0.829,-2.815,0.000,32.421,-18.038,0.026,-0.014,42.987
82287.874,299.888,0.956,25.138,302.021,278.660,-9.083,-3.233,-1.497,-1.357,0.433,-4.776,-4.165,-5.353,-2.344,0.731,2.536,-4.037,0.838,-0.941,-1.451,-2.703,0.000,32.459,-18.027,0.027,-0.014,42.987
82291.906,299.887,0.956,25.134,301.942,278.660,-9.299,-3.679,-2.245,-0.626,0.108,-5.088,-4.165,-5.781,-2.902,0.209,3.698,-4.143,0.943,0.837,-1.969,-3.153,0.000,32.594,-18.027,0.027,-0.014,42.987
82291.906,299.888,0.956,25.137,302.021,278.660,-9.083,-3.902,-2.245,-0.626,0.649,-5.191,-4.485,-4.389,-3.126,0.626,4.437,-3.718,1.990,1.047,-0.726,-3.041,0.000,32.633,-17.997,0.026,-0.014,42.987
82295.937,299.888,0.956,25.140,302.100,278.820,-8.974,-2.787,-2.994,-1.253,0.108,-5.399,-5.126,-5.031,-2.456,-1.147,2.641,-4.355,0.209,-0.314,-1.555,-3.829,0.000,32.729,-18.017,0.028,-0.030,42.987
82304.000,299.887,0.956,25.132,301.942,278.660,-9.515,-3.790,-2.138,-1.879,0.541,-4.880,-4.699,-4.389,-2.791,-0.104,3.487,-4.037,1.152,-0.418,-0.622,-3.153,0.000,32.748,-18.017,0.029,-0.014,42.987
82299.968,299.888,0.956,25.136,302.021,278.820,-9.948,-3.344,-1.925,-0.313,0.541,-4.568,-4.378,-5.353,-2.903,0.313,3.592,-3.930,1.466,0.419,-0.829,-2.590,0.000,32.806,-18.017,0.030,-0.046,43.009
82295.937,299.888,0.956,25.136,302.021,278.820,-8.866,-3.790,-2.031,-1.148,0.649,-4.880,-4.058,-4.603,-3.014,0.313,3.698,-4.355,0.838,0.105,-1.762,-3.266,0.000,32.806,-18.038,0.032,-0.014,42.987
82299.968,299.890,0.956,25.133,301.942,278.980,-9.299,-3.456,-2.673,-1.044,0.108,-6.126,-4.805,-4.924,-2.345,0.104,4.120,-3.399,1.466,0.523,-0.726,-3.153,0.000,32.864,-18.058,0.035,-0.014,42.987
82295.937,299.887,0.956,25.140,302.100,278.660,-8.650,-3.233,-1.069,0.209,0.649,-4.361,-4.165,-4.817,-2.010,0.209,3.592,-3.824,1.361,0.209,-1.451,-3.266,0.000,32.864,-18.109,0.038,0.003,42.987
82295.937,299.887,0.956,25.130,301.863,278.660,-9.948,-3.456,-2.352,-0.940,0.649,-4.465,-5.019,-5.246,-3.126,0.522,2.853,-4.249,1.571,0.105,-1.037,-2.928,0.000,32.902,-18.119,0.040,-0.030,42.976
82304.000,299.887,0.956,25.132,301.942,278.820,-8.326,-3.122,-1.390,-0.313,0.324,-4.568,-3.310,-4.389,-1.898,0.522,4.120,-3.824,1.466,0.628,-2.177,-3.153,0.000,32.941,-18.160,0.043,-0.030,42.998
82304.000,299.887,0.956,25.135,302.021,278.820,-9.299,-2.899,-2.566,-0.731,0.108,-5.918,-4.592,-5.246,-2.903,0.835,3.592,-3.824,1.466,0.419,-0.518,-3.491,0.000,32.902,-18.221,0.048,-0.014,42.987
82299.968,299.885,0.956,25.136,302.021,278.660,-8.974,-2.787,-1.711,0.105,0.433,-4.465,-4.165,-4.496,-2.345,-0.313,3.487,-4.249,1.466,0.419,-0.726,-3.153,0.000,32.902,-18.271,0.052,0.003,42.998
82299.968,299.887,0.956,25.132,301.942,278.820,-9.405,-2.899,-1.283,-0.940,0.865,-4.672,-4.165,-5.031,-3.126,0.313,3.064,-3.824,1.047,-0.105,-1.555,-3.266,0.000,32.902,-18.322,0.056,0.035,42.976
82299.968,299.885,0.956,25.129,301.863,278.660,-9.297,-2.676,-1.711,-0.104,0.000,-5.191,-3.951,-5.995,-2.345,0.522,3.698,-3.930,0.942,0.314,-1.969,-3.153,0.000,32.902,-18.383,0.060,0.003,42.976
82304.000,299.885,0.956,25.132,301.942,278.820,-9.081,-4.125,-2.352,-0.522,0.541,-4.672,-4.058,-4.389,-3.238,0.522,3.698,-3.824,1.780,0.628,-0.622,-2.928,0.000,32.883,-18.434,0.064,0.003,42.976
82299.968,299.885,0.956,25.129,301.863,278.820,-9.189,-2.787,-2.566,-0.522,0.433,-4.984,-4.378,-4.817,-2.456,-0.417,3.381,-3.718,0.314,0.419,-1.866,-3.604,0.000,32.883,-18.475,0.068,-0.014,42.987
82299.968,299.885,0.956,25.129,301.863,278.660,-9.622,-3.122,-1.925,-1.044,0.108,-4.776,-5.019,-5.246,-2.121,0.731,4.015,-4.143,1.675,-0.314,-1.451,-2.590,0.000,32.883,-18.525,0.071,-0.014,42.987
82295.937,299.888,0.956,25.130,301.863,278.820,-9.189,-3.010,-1.283,-0.209,0.649,-4.776,-4.271,-5.995,-2.791,-0.000,2.536,-4.249,1.047,0.000,-1.451,-3.604,0.000,32.921,-18.556,0.075,0.003,42.998
82295.937,299.887,0.956,25.130,301.863,278.820,-9.189,-4.794,-2.566,-0.835,0.324,-4.568,-4.165,-4.710,-2.791,0.313,3.487,-4.780,1.361,0.419,-0.933,-2.815,0.000,32.921,-18.607,0.078,-0.014,42.976
82295.937,299.888,0.956,25.127,301.784,278.499,-8.757,-3.122,-2.138,-0.313,0.108,-5.191,-4.271,-4.603,-2.345,-0.000,3.064,-3.824,0.628,0.105,-1.037,-3.604,0.000,32.941,-18.627,0.082,0.003,42.987
82295.937,299.885,0.956,25.123,301.704,278.660,-9.189,-3.122,-2.138,-0.835,0.433,-4.672,-4.592,-4.817,-2.679,-0.000,3.275,-3.824,1.571,0.209,-1.037,-2.703,0.000,32.941,-18.657,0.085,-0.030,42.998
82299.968,299.885,0.956,25.129,301.863,278.499,-10.054,-3.233,-1.818,-1.044,1.081,-5.191,-3.310,-5.246,-2.902,0.522,2.853,-3.718,1.047,-0.418,-1.451,-2.928,0.000,32.979,-18.668,0.086,-0.014,42.976
82295.937,299.883,0.956,25.123,301.704,278.339,-9.081,-3.679,-1.818,0.209,0.108,-4.672,-3.844,-5.031,-2.791,0.313,3.698,-4.355,1.675,0.314,-1.659,-3.153,0.000,33.037,-18.668,0.088,0.003,42.987
82299.968,299.887,0.956,25.123,301.704,278.820,-9.081,-3.233,-2.138,-0.313,1.081,-5.503,-3.951,-4.817,-3.126,0.313,3.592,-4.037,0.838,0.419,-1.037,-3.266,0.000,33.095,-18.657,0.090,-0.014,42.987
82295.937,299.885,0.956,25.123,301.704,278.660,-8.433,-2.787,-2.031,-0.104,0.757,-4.776,-4.058,-4.924,-1.674,-0.313,3.170,-3.187,1.466,0.733,-1.140,-2.928,0.000,33.191,-18.627,0.090,-0.014,42.987
82295.937,299.885,0.956,25.120,301.625,278.660,-9.730,-3.010,-1.711,-1.462,0.108,-5.399,-4.592,-5.567,-2.679,0.522,2.853,-4.355,0.943,-0.209,-1.140,-3.491,0.000,33.287,-18.597,0.090,-0.014,42.987
82295.937,299.887,0.956,25.120,301.625,278.660,-9.081,-3.344,-1.497,0.209,0.216,-4.984,-3.631,-5.246,-2.456,0.522,3.698,-3.506,1.571,0.523,-1.762,-3.153,0.000,33.364,-18.566,0.090,0.003,42.976
82295.937,299.887,0.956,25.123,301.704,278.179,-8.865,-4.013,-2.138,-0.209,0.541,-5.088,-3.844,-4.924,-3.126,0.313,3.592,-3.612,1.047,0.628,-1.244,-3.378,0.000,33.460,-18.525,0.089,0.003,42.998
82299.968,299.883,0.956,25.116,301.546,278.179,-9.406,-2.899,-2.887,-0.940,-0.108,-5.814,-4.165,-4.817,-2.679,-0.834,2.747,-3.612,0.105,0.000,-1.037,-3.491,0.000,33.537,-18.454,0.089,-0.014,42.987
82295.937,299.888,0.956,25.117,301.546,278.660,-9.297,-3.122,-1.390,-0.626,0.541,-5.088,-4.592,-4.710,-2.902,-0.417,3.487,-3.399,1.571,0.000,-1.451,-2.928,0.000,33.672,-18.373,0.087,-0.014,42.987
82291.906,299.887,0.956,25.120,301.625,278.499,-9.946,-3.679,-1.818,-0.313,0.324,-4.984,-4.378,-5.674,-2.679,0.209,2.853,-4.037,1.152,0.105,-1.451,-3.378,0.000,33.787,-18.312,0.086,-0.014,42.987
82287.874,299.887,0.956,25.121,301.625,278.499,-9.406,-4.571,-2.031,-0.835,-0.216,-4.880,-4.058,-5.138,-3.014,0.313,3.381,-4.462,1.152,0.314,-1.348,-2.590,0.000,33.903,-18.231,0.085,-0.014,42.976
82287.874,299.885,0.956,25.118,301.546,278.339,-9.730,-3.456,-2.566,-0.731,0.757,-5.918,-4.058,-5.567,-3.014,-0.000,3.592,-3.824,0.105,0.419,-1.037,-3.716,0.000,34.038,-18.160,0.083,-0.014,42.987
82295.937,299.890,0.956,25.117,301.546,278.339,-8.757,-3.010,-1.925,-0.626,0.216,-4.361,-5.446,-5.353,-2.567,-0.730,3.064,-4.780,1.257,-0.627,-2.073,-3.716,0.000,34.134,-18.109,0.081,0.035,42.987
82299.968,299.887,0.956,25.119,301.625,278.179,-9.514,-3.567,-1.925,-1.357,0.324,-4.984,-3.738,-4.924,-2.791,0.940,3.381,-3.718,1.780,0.523,-1.140,-2.590,0.000,34.230,-18.017,0.080,-0.030,42.998
82287.874,299.890,0.956,25.115,301.467,278.339,-8.108,-3.456,-1.818,-0.313,-0.540,-4.672,-4.058,-5.031,-2.567,0.418,3.275,-4.674,0.733,0.314,-2.073,-4.054,0.000,34.307,-17.936,0.080,0.003,42.987
82291.906,299.887,0.956,25.117,301.546,278.179,-8.865,-4.013,-2.138,-1.148,0.541,-5.607,-4.378,-5.138,-3.684,-0.104,3.592,-3.824,1.047,1.256,-1.140,-3.266,0.000,34.403,-17.885,0.077,0.003,42.987
82287.874,299.890,0.956,25.115,301.467,278.499,-8.865,-2.676,-1.604,0.105,0.757,-4.361,-3.844,-4.817,-1.898,-0.625,3.909,-3.930,1.257,0.628,-1.037,-2.252,0.000,34.442,-17.814,0.077,-0.014,42.998
82291.906,299.890,0.956,25.117,301.546,278.019,-9.406,-3.233,-1.604,-1.148,0.649,-4.568,-4.378,-4.496,-2.233,1.044,3.381,-4.037,1.257,-0.523,-1.140,-2.703,0.000,34.519,-17.794,0.077,0.003,42.998
82291.906,299.888,0.956,25.114,301.467,278.499,-9.189,-3.122,-1.818,0.209,0.433,-4.880,-4.165,-5.353,-2.456,0.104,3.698,-3.506,1.047,0.419,-1.866,-2.928,0.000,34.615,-17.743,0.078,-0.030,42.998
82291.906,299.888,0.956,25.111,301.388,278.499,-8.973,-3.567,-1.283,-0.104,0.865,-4.776,-3.738,-4.496,-3.126,0.522,3.275,-3.718,1.676,0.942,-0.415,-2.928,0.000,34.634,-17.702,0.079,-0.014,42.998
82291.906,299.888,0.956,25.114,301.467,278.339,-8.649,-2.564,-2.566,-0.835,0.000,-5.088,-4.592,-4.924,-2.121,-0.208,3.170,-3.930,0.105,0.419,-1.762,-2.928,0.000,34.692,-17.692,0.079,-0.014,42.998
82291.906,299.891,0.956,25.114,301.467,278.499,-9.514,-2.899,-1.497,-0.940,0.000,-4.776,-4.699,-4.710,-2.344,0.418,3.698,-3.824,1.466,-0.209,-1.555,-2.477,0.000,34.653,-17.682,0.080,-0.030,42.998
82291.906,299.888,0.956,25.114,301.467,278.499,-9.622,-2.676,-2.031,-0.522,0.108,-5.191,-4.165,-6.102,-3.126,0.626,2.641,-3.824,1.361,-0.523,-1.555,-3.491,0.000,34.730,-17.682,0.084,-0.014,42.998
82291.906,299.890,0.956,25.114,301.467,278.660,-9.081,-3.902,-2.138,-0.731,0.433,-5.088,-4.485,-4.924,-3.126,0.104,3.698,-4.249,0.943,0.419,-1.762,-3.604,0.000,34.730,-17.672,0.086,0.003,42.998
82291.906,299.891,0.956,25.111,301.388,278.660,-9.189,-3.344,-2.673,-1.148,0.108,-6.126,-4.912,-5.888,-3.349,-0.625,3.170,-4.143,0.524,-0.105,-1.244,-3.378,0.000,34.711,-17.682,0.088,-0.030,42.987
82283.843,299.891,0.956,25.112,301.388,278.499,-9.405,-2.899,-2.459,-0.626,-0.108,-4.568,-4.699,-4.603,-2.567,-0.104,3.275,-4.037,1.257,0.942,-1.555,-2.477,0.000,34.711,-17.702,0.091,0.003,42.987
82287.874,299.888,0.956,25.115,301.467,278.179,-9.514,-2.787,-2.138,-0.835,0.757,-4.984,-4.378,-5.246,-2.679,0.522,2.958,-4.355,1.047,-0.523,-1.762,-2.928,0.000,34.692,-17.723,0.094,-0.014,42.976
82291.906,299.890,0.956,25.111,301.388,278.499,-8.865,-3.567,-2.031,-0.209,-0.648,-5.191,-4.165,-4.924,-2.456,0.104,3.698,-3.824,0.733,0.523,-1.866,-3.491,0.000,34.692,-17.784,0.097,-0.014,42.998
82287.874,299.891,0.956,25.105,301.230,278.499,-8.649,-2.899,-1.818,-0.731,0.973,-5.088,-4.378,-5.031,-3.014,0.209,4.120,-3.824,0.943,0.209,-1.140,-3.941,0.000,34.692,-17.824,0.099,0.003,42.998
82283.843,299.890,0.956,25.105,301.230,278.820,-9.081,-3.122,-2.352,0.105,0.649,-4.672,-4.378,-5.353,-2.233,-0.625,3.487,-3.612,0.105,-0.418,-1.658,-3.716,0.000,34.673,-17.834,0.102,0.003,42.987
82287.874,299.890,0.956,25.118,301.546,278.499,-10.378,-3.567,-1.925,-1.671,-0.216,-5.295,-4.912,-5.246,-3.014,0.104,3.170,-3.718,1.152,0.105,-1.037,-2.928,0.000,34.673,-17.855,0.105,-0.030,42.976
82283.843,299.888,0.956,25.115,301.467,278.820,-8.865,-2.899,-1.390,0.209,0.216,-4.776,-3.951,-5.031,-2.345,0.313,3.804,-3.930,1.152,0.628,-2.488,-3.378,0.000,34.653,-17.895,0.109,-0.014,42.998
82287.874,299.890,0.956,25.118,301.546,278.820,-9.622,-3.902,-2.352,-0.731,0.108,-5.088,-4.165,-4.603,-3.796,0.104,3.487,-4.037,1.466,0.733,-0.726,-2.477,0.000,34.615,-17.906,0.112,-0.062,42.998
82291.906,299.890,0.956,25.117,301.546,278.980,-8.973,-2.787,-2.673,-0.418,0.865,-5.191,-4.485,-4.603,-2.233,0.000,3.909,-3.506,0.733,0.419,-1.658,-3.266,0.000,34.653,-17.936,0.114,-0.014,42.987
82283.843,299.890,0.956,25.119,301.546,278.660,-9.514,-3.010,-2.138,-1.148,0.865,-4.880,-4.592,-5.138,-2.680,0.418,3.275,-3.718,1.361,-0.314,-1.244,-2.815,0.000,34.653,-17.946,0.116,-0.030,42.998
82287.874,299.890,0.956,25.125,301.704,278.820,-9.514,-2.899,-1.818,-0.104,0.865,-4.776,-3.738,-5.460,-3.126,0.418,3.381,-3.612,1.256,0.314,-1.244,-3.829,0.000,34.692,-17.956,0.118,0.003,42.976
82287.874,299.887,0.956,25.118,301.546,278.820,-8.973,-4.125,-1.604,-1.044,0.000,-4.776,-3.417,-4.603,-2.568,0.522,4.437,-4.143,1.047,0.837,-1.037,-3.153,0.000,34.730,-17.956,0.119,-0.014,42.976
82291.906,299.888,0.956,25.117,301.546,278.980,-9.081,-3.122,-2.994,-0.835,0.108,-6.022,-5.019,-5.460,-2.568,-0.521,2.958,-4.143,0.105,-0.418,-1.555,-3.941,0.000,34.750,-17.936,0.121,-0.030,42.998
82287.874,299.890,0.956,25.125,301.704,278.820,-9.189,-3.344,-2.138,-0.835,-0.324,-4.984,-4.912,-4.817,-2.456,-0.313,3.381,-4.037,1.152,-0.105,-1.555,-2.928,0.000,34.807,-17.885,0.121,0.003,42.976
82287.874,299.890,0.956,25.118,301.546,278.820,-9.731,-3.010,-2.352,-0.835,0.324,-4.880,-3.844,-5.353,-2.568,0.418,2.536,-4.249,1.047,-0.105,-1.140,-2.703,0.000,34.846,-17.885,0.121,-0.030,42.976
82291.906,299.888,0.956,25.124,301.704,278.980,-8.866,-3.567,-2.352,-0.313,0.324,-4.880,-4.165,-4.496,-2.680,0.209,4.015,-4.780,0.838,0.523,-2.177,-3.266,0.000,34.981,-17.845,0.121,-0.014,42.987
82295.937,299.890,0.956,25.120,301.625,278.980,-9.407,-4.013,-2.352,-1.357,-0.108,-6.126,-4.912,-5.567,-3.349,-0.417,3.275,-3.718,1.256,-0.105,-0.829,-3.941,0.000,34.942,-17.804,0.121,-0.030,42.998
82291.906,299.890,0.956,25.124,301.704,278.980,-9.407,-2.676,-2.245,-1.044,0.000,-4.465,-4.592,-4.817,-2.121,-0.938,3.804,-3.930,0.524,0.419,-1.555,-2.703,0.000,35.038,-17.743,0.120,-0.030,42.987
82291.906,299.891,0.956,25.124,301.704,278.980,-9.299,-3.122,-1.925,-0.626,0.865,-4.776,-4.165,-4.924,-2.680,0.418,2.958,-3.718,0.838,-0.209,-1.244,-3.153,0.000,35.115,-17.662,0.120,0.003,42.987
82291.906,299.890,0.956,25.127,301.784,278.820,-8.866,-3.567,-1.604,-0.104,0.433,-4.880,-3.738,-5.781,-2.233,0.313,3.487,-4.249,0.942,0.733,-2.177,-3.378,0.000,35.212,-17.621,0.119,-0.014,42.998
82295.937,299.890,0.956,25.123,301.704,278.820,-9.407,-3.679,-2.352,-0.835,0.433,-5.814,-3.844,-4.710,-3.238,0.104,4.015,-4.143,1.152,0.419,-0.415,-3.041,0.000,35.289,-17.560,0.117,0.003,42.987
82295.937,299.893,0.956,25.123,301.704,278.980,-8.758,-3.010,-2.780,-0.626,0.649,-5.503,-4.378,-5.246,-2.121,-0.208,3.064,-3.293,0.942,0.628,-1.348,-2.703,0.000,35.423,-17.499,0.117,-0.014,42.976
82295.937,299.890,0.956,25.127,301.784,278.820,-8.866,-2.118,-1.283,-0.940,0.649,-4.361,-4.165,-4.068,-2.009,0.731,4.120,-3.506,2.094,-0.105,-0.622,-3.041,0.000,35.481,-17.438,0.114,-0.014,42.976
82295.937,299.890,0.956,25.127,301.784,278.820,-9.299,-3.456,-2.245,-0.313,0.324,-5.191,-4.378,-5.781,-3.126,-0.104,2.430,-4.355,0.628,-0.209,-1.244,-3.491,0.000,35.558,-17.377,0.114,-0.030,42.976
82291.906,299.890,0.956,25.124,301.704,278.660,-8.758,-4.236,-2.031,-0.522,0.433,-4.672,-3.844,-4.389,-2.567,0.418,4.120,-4.355,1.571,0.942,-1.140,-3.041,0.000,35.616,-17.316,0.113,-0.030,42.998
82291.906,299.890,0.956,25.130,301.863,278.499,-9.515,-3.010,-2.566,-0.940,0.108,-5.918,-4.058,-5.138,-2.791,-0.208,2.747,-3.612,0.942,0.419,-1.348,-4.279,0.000,35.673,-17.255,0.113,-0.014,43.009
82287.874,299.888,0.956,25.128,301.784,278.660,-8.974,-2.899,-2.245,-0.522,0.324,-4.153,-4.699,-4.710,-1.898,-0.313,3.804,-3.187,1.257,-0.314,-1.348,-2.703,0.000,35.808,-17.174,0.112,-0.014,42.976
82295.937,299.888,0.956,25.127,301.784,278.820,-10.164,-3.902,-2.138,-1.148,0.108,-4.984,-4.699,-5.138,-3.237,0.418,2.324,-4.143,1.152,-0.418,-0.829,-3.041,0.000,35.866,-17.123,0.111,0.003,42.987
82291.906,299.890,0.956,25.127,301.784,278.660,-8.758,-3.010,-1.818,0.314,0.000,-4.568,-3.738,-4.175,-2.121,0.940,3.698,-3.824,1.152,0.523,-2.177,-3.041,0.000,35.904,-17.062,0.112,0.003,42.976
82291.906,299.890,0.956,25.134,301.942,278.820,-8.866,-3.233,-2.245,-0.940,0.108,-5.710,-4.912,-5.031,-3.349,0.104,3.909,-4.355,1.047,0.419,-0.726,-3.716,0.000,35.962,-17.011,0.111,-0.014,42.976
82287.874,299.890,0.956,25.134,301.942,278.820,-8.757,-3.122,-2.673,-0.104,0.649,-4.568,-3.951,-4.817,-1.786,-0.104,3.909,-3.824,0.628,0.314,-1.140,-3.266,0.000,36.020,-16.981,0.112,0.019,42.987
82287.874,299.887,0.956,25.131,301.863,278.820,-9.730,-3.567,-1.925,-1.566,0.433,-4.880,-4.805,-5.246,-3.014,0.313,2.747,-4.037,1.466,-0.418,-0.933,-2.815,0.000,36.116,-16.961,0.112,-0.014,42.987
82291.906,299.890,0.956,25.130,301.863,278.660,-8.973,-3.010,-1.390,-0.000,0.541,-4.568,-4.165,-5.138,-2.791,0.731,3.381,-4.143,1.047,0.209,-1.451,-3.604,0.000,36.155,-16.910,0.113,-0.014,43.009
82283.843,299.890,0.956,25.138,302.021,278.820,-9.405,-4.013,-2.352,-0.731,0.108,-5.191,-4.271,-4.817,-3.684,-0.313,3.381,-4.568,1.676,0.628,-0.518,-2.703,0.000,36.155,-16.849,0.113,-0.014,42.987
